,TeamID,SEASON,LeagueID,PLAYER,PLAYER_SLUG,NUM,POSITION,HEIGHT,WEIGHT,BIRTH_DATE,AGE,EXP,SCHOOL,PLAYER_ID,NICKNAME,HOW_ACQUIRED
0,1610612737,2022,00,Frank Kaminsky,frank-kaminsky,0,F-C,7-0,240,"APR 04, 1993",29.0,7,Wisconsin,1626163,Frank,Signed on 07/11/22
1,1610612737,2022,00,Jalen Johnson,jalen-johnson,1,F,6-8,219,"DEC 18, 2001",20.0,1,Duke,1630552,Jalen,#20 Pick in 2021 Draft
2,1610612737,2022,00,Trent Forrest,trent-forrest,2,G,6-4,210,"JUN 12, 1998",24.0,2,Florida State,1630235,Trent,Signed on 08/08/22
3,1610612737,2022,00,Aaron Holiday,aaron-holiday,3,G,6-0,185,"SEP 30, 1996",26.0,4,UCLA,1628988,Aaron,Signed on 07/06/22
4,1610612737,2022,00,Dejounte Murray,dejounte-murray,5,G,6-5,180,"SEP 19, 1996",26.0,5,Washington,1627749,Dejounte,Traded from SAS on 06/30/22
5,1610612737,2022,00,Jarrett Culver,jarrett-culver,7,G-F,6-6,195,"FEB 20, 1999",23.0,3,Texas Tech,1629633,Jarrett,Signed on 09/12/22
6,1610612737,2022,00,Justin Holiday,justin-holiday,8,F-G,6-6,180,"APR 05, 1989",33.0,9,Washington,203200,Justin,Traded from SAC on 07/06/22
7,1610612737,2022,00,Trae Young,trae-young,11,G,6-1,164,"SEP 19, 1998",24.0,4,Oklahoma,1629027,Trae,Draft Rights Traded from DAL on 06/21/18
8,1610612737,2022,00,De'Andre Hunter,deandre-hunter,12,F-G,6-8,221,"DEC 02, 1997",24.0,3,Virginia,1629631,De'Andre,Draft Rights Traded from NOP on 07/07/19
9,1610612737,2022,00,Bogdan Bogdanovic,bogdan-bogdanovic,13,G,6-5,225,"AUG 18, 1992",30.0,5,Fenerbahce,203992,Bogdan,Signed on 11/25/20
10,1610612737,2022,00,AJ Griffin,aj-griffin,14,F,6-6,220,"AUG 25, 2003",19.0,R,Duke,1631100,AJ,#16 Pick in 2022 Draft
11,1610612737,2022,00,Clint Capela,clint-capela,15,C,6-10,256,"MAY 18, 1994",28.0,8,Elan Chalon,203991,Clint,Traded from HOU on 02/05/20
12,1610612737,2022,00,Onyeka Okongwu,onyeka-okongwu,17,F-C,6-9,240,"DEC 11, 2000",21.0,2,Southern California,1630168,Onyeka,#6 Pick in 2020 Draft
13,1610612737,2022,00,John Collins,john-collins,20,F-C,6-9,226,"SEP 23, 1997",25.0,5,Wake Forest,1628381,John,#19 Pick in 2017 Draft
14,1610612737,2022,00,Tyrese Martin,tyrese-martin,22,G,6-6,215,"MAR 07, 1999",23.0,R,Connecticut,1631213,Tyrese,Draft Rights Traded from GSW on 06/24/22
15,1610612737,2022,00,Vit Krejci,vit-krejci,27,G,6-8,195,"JUN 19, 2000",22.0,1,Zaragoza,1630249,Vit,Traded from OKC on 09/27/22
0,1610612738,2022,00,Jayson Tatum,jayson-tatum,0,F-G,6-8,210,"MAR 03, 1998",24.0,5,Duke,1628369,Jayson,#3 Pick in 2017 Draft
1,1610612738,2022,00,Noah Vonleh,noah-vonleh,4,F,6-10,257,"AUG 24, 1995",27.0,7,Indiana,203943,Noah,Signed on 09/07/22
2,1610612738,2022,00,Jaylen Brown,jaylen-brown,7,G-F,6-6,223,"OCT 24, 1996",26.0,6,California,1627759,Jaylen,#3 Pick in 2016 Draft
3,1610612738,2022,00,Danilo Gallinari,danilo-gallinari,8,F,6-10,236,"AUG 08, 1988",34.0,13,Olimpia Milano,201568,Danilo,Signed on 07/12/22
4,1610612738,2022,00,Derrick White,derrick-white,9,G,6-4,190,"JUL 02, 1994",28.0,5,Colorado,1628401,Derrick,Traded from SAS on 02/10/22
5,1610612738,2022,00,Payton Pritchard,payton-pritchard,11,G,6-1,195,"JAN 28, 1998",24.0,2,Oregon,1630202,Payton,#26 Pick in 2020 Draft
6,1610612738,2022,00,Grant Williams,grant-williams,12,F,6-6,236,"NOV 30, 1998",23.0,3,Tennessee,1629684,Grant,#22 Pick in 2019 Draft
7,1610612738,2022,00,Malcolm Brogdon,malcolm-brogdon,13,G,6-4,229,"DEC 11, 1992",29.0,6,Virginia,1627763,Malcolm,Traded from IND on 07/09/22
8,1610612738,2022,00,JD Davison,jd-davison,20,G,6-1,195,"OCT 03, 2002",20.0,R,Alabama,1631120,JD,#53 Pick in 2022 Draft
9,1610612738,2022,00,Mfiondu Kabengele,mfiondu-kabengele,27,C,6-10,250,"AUG 14, 1997",25.0,2,Florida State,1629662,Mfiondu,Signed on 07/16/22
10,1610612738,2022,00,Sam Hauser,sam-hauser,30,F,6-7,217,"DEC 08, 1997",24.0,1,Virginia,1630573,Sam,Signed on 08/13/21
11,1610612738,2022,00,Marcus Smart,marcus-smart,36,G,6-4,220,"MAR 06, 1994",28.0,8,Oklahoma State,203935,Marcus,#6 Pick in 2014 Draft
12,1610612738,2022,00,Luke Kornet,luke-kornet,40,C-F,7-2,250,"JUL 15, 1995",27.0,5,Vanderbilt,1628436,Luke,Signed on 02/11/22
13,1610612738,2022,00,Al Horford,al-horford,42,C-F,6-9,240,"JUN 03, 1986",36.0,15,Florida,201143,Al,Traded from OKC on 06/18/21
14,1610612738,2022,00,Robert Williams III,robert-williams-iii,44,C-F,6-9,237,"OCT 17, 1997",25.0,4,Texas A&M,1629057,Robert,#27 Pick in 2018 Draft
15,1610612738,2022,00,Justin Jackson,justin-jackson,44,F,6-8,220,"MAR 28, 1995",27.0,5,North Carolina,1628382,Justin,Signed on 09/14/22
16,1610612738,2022,00,Blake Griffin,blake-griffin,91,F,6-9,250,"MAR 16, 1989",33.0,12,Oklahoma,201933,Blake,Signed on 10/03/22
0,1610612739,2022,00,Kevin Love,kevin-love,0,F-C,6-8,251,"SEP 07, 1988",34.0,14,UCLA,201567,Kevin,Traded from MIN on 08/23/14
1,1610612739,2022,00,Caris LeVert,caris-levert,3,G,6-6,205,"AUG 25, 1994",28.0,6,Michigan,1627747,Caris,Traded from IND on 02/07/22
2,1610612739,2022,00,Evan Mobley,evan-mobley,4,C,6-11,215,"JUN 18, 2001",21.0,1,Southern California,1630596,Evan,#3 Pick in 2021 Draft
3,1610612739,2022,00,Lamar Stevens,lamar-stevens,8,F,6-6,230,"JUL 09, 1997",25.0,2,Penn State,1630205,Lamar,Signed on 11/28/20
4,1610612739,2022,00,Dylan Windler,dylan-windler,9,G-F,6-7,196,"SEP 22, 1996",26.0,2,Belmont,1629685,Dylan,#26 Pick in 2019 Draft
5,1610612739,2022,00,Darius Garland,darius-garland,10,G,6-1,192,"JAN 26, 2000",22.0,3,Vanderbilt,1629636,Darius,#5 Pick in 2019 Draft
6,1610612739,2022,00,Ricky Rubio,ricky-rubio,13,G,6-2,190,"OCT 21, 1990",32.0,11,FC Barcelona,201937,Ricky,Signed on 07/07/22
7,1610612739,2022,00,Isaiah Mobley,isaiah-mobley,15,F,6-8,238,"SEP 24, 1999",23.0,R,Southern California,1630600,Isaiah,#49 Pick in 2022 Draft
8,1610612739,2022,00,Cedi Osman,cedi-osman,16,F,6-7,230,"APR 08, 1995",27.0,5,Anadolu Efes,1626224,Cedi,Draft Rights Traded from MIN on 06/25/15
9,1610612739,2022,00,Raul Neto,raul-neto,19,G,6-2,180,"MAY 19, 1992",30.0,7,Murcia,203526,Raul,Signed on 07/07/22
10,1610612739,2022,00,Mamadi Diakite,mamadi-diakite,21,F,6-9,228,"JAN 21, 1997",25.0,2,Virginia,1629603,Mamadi,Signed on 09/19/22
11,1610612739,2022,00,Jarrett Allen,jarrett-allen,31,C,6-9,243,"APR 21, 1998",24.0,5,Texas,1628386,Jarrett,Traded from BKN on 01/16/21
12,1610612739,2022,00,Dean Wade,dean-wade,32,F-C,6-9,228,"NOV 20, 1996",25.0,3,Kansas State,1629731,Dean,Signed on 07/01/19
13,1610612739,2022,00,Robin Lopez,robin-lopez,33,C,7-0,281,"APR 01, 1988",34.0,14,Stanford,201577,Robin,Signed on 07/07/22
14,1610612739,2022,00,Isaac Okoro,isaac-okoro,35,F-G,6-5,225,"JAN 26, 2001",21.0,2,Auburn,1630171,Isaac,#5 Pick in 2020 Draft
15,1610612739,2022,00,Donovan Mitchell,donovan-mitchell,45,G,6-1,215,"SEP 07, 1996",26.0,5,Louisville,1628378,Donovan,Traded from UTA on 09/03/22
0,1610612740,2022,00,E.J. Liddell,ej-liddell,,F,6-6,240,"DEC 18, 2000",21.0,R,Ohio State,1630604,E.J.,#41 Pick in 2022 Draft
1,1610612740,2022,00,Dereon Seabron,dereon-seabron,0,G,6-5,180,"MAY 26, 2000",22.0,R,North Carolina State,1631220,Dereon,Signed on 09/09/22
2,1610612740,2022,00,Zion Williamson,zion-williamson,1,F,6-6,284,"JUL 06, 2000",22.0,2,Duke,1629627,Zion,#1 Pick in 2019 Draft
3,1610612740,2022,00,CJ McCollum,cj-mccollum,3,G,6-3,190,"SEP 19, 1991",31.0,9,Lehigh,203468,CJ,Traded from POR on 02/08/22
4,1610612740,2022,00,Devonte' Graham,devonte-graham,4,G,6-1,195,"FEB 22, 1995",27.0,4,Kansas,1628984,Devonte',Traded from CHA on 08/07/21
5,1610612740,2022,00,Herbert Jones,herbert-jones,5,F,6-7,206,"OCT 06, 1998",24.0,1,Alabama,1630529,Herbert,#35 Pick in 2021 Draft
6,1610612740,2022,00,Naji Marshall,naji-marshall,8,F,6-7,220,"JAN 24, 1998",24.0,2,Xavier,1630230,Naji,Signed on 12/07/20
7,1610612740,2022,00,Willy Hernangomez,willy-hernangomez,9,C-F,6-11,250,"MAY 27, 1994",28.0,6,Cajasol Sevilla,1626195,Willy,Signed on 11/24/20
8,1610612740,2022,00,Jaxson Hayes,jaxson-hayes,10,C-F,7-0,220,"MAY 23, 2000",22.0,3,Texas,1629637,Jaxson,Draft Rights Traded from ATL on 07/07/19
9,1610612740,2022,00,Dyson Daniels,dyson-daniels,11,G,6-7,199,"MAR 17, 2003",19.0,R,NBA G League Ignite,1630700,Dyson,#8 Pick in 2022 Draft
10,1610612740,2022,00,Kira Lewis Jr.,kira-lewis-jr,13,G,6-1,170,"APR 06, 2001",21.0,2,Alabama,1630184,Kira,#13 Pick in 2020 Draft
11,1610612740,2022,00,Brandon Ingram,brandon-ingram,14,F,6-8,190,"SEP 02, 1997",25.0,6,Duke,1627742,Brandon,Traded from LAL on 07/06/19
12,1610612740,2022,00,Jose Alvarado,jose-alvarado,15,G,6-0,179,"APR 12, 1998",24.0,1,Georgia Tech,1630631,Jose,Signed on 08/18/21
13,1610612740,2022,00,Jonas Valanciunas,jonas-valanciunas,17,C,6-11,265,"MAY 06, 1992",30.0,10,Lietuvos rytas Vilnius,202685,Jonas,Traded from MEM on 08/07/21
14,1610612740,2022,00,Larry Nance Jr.,larry-nance-jr,22,F-C,6-8,245,"JAN 01, 1993",29.0,7,Wyoming,1626204,Larry,Traded from POR on 02/08/22
15,1610612740,2022,00,Trey Murphy III,trey-murphy-iii,25,F,6-8,206,"JUN 18, 2000",22.0,1,Virginia,1630530,Trey,Draft Rights Traded from MEM on 08/07/21
16,1610612740,2022,00,Garrett Temple,garrett-temple,41,G-F,6-6,195,"MAY 08, 1986",36.0,12,Louisiana State,202066,Garrett,Traded from CHI on 08/08/21
0,1610612741,2022,00,Coby White,coby-white,0,G,6-5,195,"FEB 16, 2000",22.0,3,North Carolina,1629632,Coby,#7 Pick in 2019 Draft
1,1610612741,2022,00,Lonzo Ball,lonzo-ball,2,G,6-6,190,"OCT 27, 1997",25.0,5,UCLA,1628366,Lonzo,Traded from NOP on 08/08/21
2,1610612741,2022,00,Andre Drummond,andre-drummond,3,C,6-11,279,"AUG 10, 1993",29.0,10,Connecticut,203083,Andre,Signed on 07/06/22
3,1610612741,2022,00,Derrick Jones Jr.,derrick-jones-jr,5,F,6-6,210,"FEB 15, 1997",25.0,6,UNLV,1627884,Derrick,Traded from POR on 08/28/21
4,1610612741,2022,00,Alex Caruso,alex-caruso,6,G,6-5,186,"FEB 28, 1994",28.0,5,Texas A&M,1627936,Alex,Signed on 08/10/21
5,1610612741,2022,00,Goran Dragic,goran-dragic,7,G,6-4,190,"MAY 06, 1986",36.0,14,Union Olimpija,201609,Goran,Signed on 08/02/22
6,1610612741,2022,00,Zach LaVine,zach-lavine,8,G-F,6-5,200,"MAR 10, 1995",27.0,8,UCLA,203897,Zach,Traded from MIN on 06/22/17
7,1610612741,2022,00,Nikola Vucevic,nikola-vucevic,9,C,6-10,260,"OCT 24, 1990",32.0,11,Southern California,202696,Nikola,Traded from ORL on 03/25/21
8,1610612741,2022,00,DeMar DeRozan,demar-derozan,11,G-F,6-6,220,"AUG 07, 1989",33.0,13,Southern California,201942,DeMar,Traded from SAS on 08/11/21
9,1610612741,2022,00,Ayo Dosunmu,ayo-dosunmu,12,G,6-5,200,"JAN 17, 2000",22.0,1,Illinois,1630245,Ayo,#38 Pick in 2021 Draft
10,1610612741,2022,00,Tony Bradley,tony-bradley,13,C-F,6-11,248,"JAN 08, 1998",24.0,5,North Carolina,1628396,Tony,Signed on 08/11/21
11,1610612741,2022,00,Malcolm Hill,malcolm-hill,14,F,6-6,220,"OCT 26, 1995",27.0,1,Illinois,1630792,Malcolm,Signed on 01/14/22
12,1610612741,2022,00,Marko Simonovic,marko-simonovic,19,C,7-0,220,"OCT 15, 1999",23.0,1,Mega Basket,1630250,Marko,#44 Pick in 2020 Draft
13,1610612741,2022,00,Javonte Green,javonte-green,24,G-F,6-5,205,"JUL 23, 1993",29.0,3,Radford,1629750,Javonte,Traded from BOS on 03/25/21
14,1610612741,2022,00,Dalen Terry,dalen-terry,25,F,6-7,195,"JUL 12, 2002",20.0,R,Arizona,1631207,Dalen,#18 Pick in 2022 Draft
15,1610612741,2022,00,Kostas Antetokounmpo,kostas-antetokounmpo,37,F,6-10,200,"NOV 20, 1997",24.0,3,Dayton,1628961,Kostas,Signed on 09/25/22
16,1610612741,2022,00,Patrick Williams,patrick-williams,44,F,6-7,215,"AUG 26, 2001",21.0,2,Florida State,1630172,Patrick,#4 Pick in 2020 Draft
0,1610612742,2022,00,JaVale McGee,javale-mcgee,00,C-F,7-0,270,"JAN 19, 1988",34.0,14,Nevada,201580,JaVale,Signed on 07/09/22
1,1610612742,2022,00,Theo Pinson,theo-pinson,1,G-F,6-7,212,"NOV 05, 1995",27.0,4,North Carolina,1629033,Theo,Signed on 12/20/21
2,1610612742,2022,00,Facundo Campazzo,facundo-campazzo,2,G,5-10,195,"MAR 23, 1991",31.0,2,Murcia,1630267,Facundo,Signed on 10/18/22
3,1610612742,2022,00,Jaden Hardy,jaden-hardy,3,G,6-3,198,"JUL 05, 2002",20.0,R,NBA G League Ignite,1630702,Jaden,Draft Rights Traded from SAC on 06/24/22
4,1610612742,2022,00,Dwight Powell,dwight-powell,7,F-C,6-10,240,"JUL 20, 1991",31.0,8,Stanford,203939,Dwight,Traded from BOS on 12/18/14
5,1610612742,2022,00,Josh Green,josh-green,8,G,6-7,200,"NOV 16, 2000",21.0,2,Arizona,1630182,Josh,#18 Pick in 2020 Draft
6,1610612742,2022,00,Dorian Finney-Smith,dorian-finney-smith,10,F,6-7,220,"MAY 04, 1993",29.0,6,Florida,1627827,Dorian,Signed on 07/08/16
7,1610612742,2022,00,Tim Hardaway Jr.,tim-hardaway-jr,11,G-F,6-5,205,"MAR 16, 1992",30.0,9,Michigan,203501,Tim,Traded from NYK on 01/31/19
8,1610612742,2022,00,Frank Ntilikina,frank-ntilikina,21,G,6-4,200,"JUL 28, 1998",24.0,5,Strasbourg IG,1628373,Frank,Signed on 09/16/21
9,1610612742,2022,00,Tyler Dorsey,tyler-dorsey,22,G,6-4,180,"FEB 18, 1996",26.0,2,Oregon,1628416,Tyler,Signed on 07/23/22
10,1610612742,2022,00,McKinley Wright IV,mckinley-wright-iv,25,G,5-11,192,"OCT 25, 1998",24.0,1,Colorado,1630593,McKinley,Signed on 08/12/22
11,1610612742,2022,00,Reggie Bullock,reggie-bullock,25,G-F,6-6,205,"MAR 16, 1991",31.0,9,North Carolina,203493,Reggie,Signed on 08/06/21
12,1610612742,2022,00,Spencer Dinwiddie,spencer-dinwiddie,26,G,6-5,215,"APR 06, 1993",29.0,8,Colorado,203915,Spencer,Traded from WAS on 02/10/22
13,1610612742,2022,00,Christian Wood,christian-wood,35,F,6-9,214,"SEP 27, 1995",27.0,6,UNLV,1626174,Christian,Traded from HOU on 06/24/22
14,1610612742,2022,00,Maxi Kleber,maxi-kleber,42,F,6-10,240,"JAN 29, 1992",30.0,5,Bayern Munich,1628467,Maxi,Signed on 07/12/17
15,1610612742,2022,00,Davis Bertans,davis-bertans,44,F,6-10,225,"NOV 12, 1992",29.0,6,Baskonia,202722,Davis,Traded from WAS on 02/10/22
16,1610612742,2022,00,Luka Doncic,luka-doncic,77,F-G,6-7,230,"FEB 28, 1999",23.0,4,Real Madrid,1629029,Luka,Draft Rights Traded from ATL on 06/21/18
0,1610612743,2022,00,Christian Braun,christian-braun,0,G,6-6,220,"APR 17, 2001",21.0,R,Kansas,1631128,Christian,#21 Pick in 2022 Draft
1,1610612743,2022,00,Michael Porter Jr.,michael-porter-jr,1,F,6-10,218,"JUN 29, 1998",24.0,3,Missouri,1629008,Michael,#14 Pick in 2018 Draft
2,1610612743,2022,00,Bones Hyland,bones-hyland,3,G,6-2,169,"SEP 14, 2000",22.0,1,Virginia Commonwealth,1630538,Bones,#26 Pick in 2021 Draft
3,1610612743,2022,00,Kentavious Caldwell-Pope,kentavious-caldwell-pope,5,G,6-5,204,"FEB 18, 1993",29.0,9,Georgia,203484,Kentavious,Traded from WAS on 07/06/22
4,1610612743,2022,00,DeAndre Jordan,deandre-jordan,6,C,6-11,265,"JUL 21, 1988",34.0,14,Texas A&M,201599,DeAndre,Signed on 07/11/22
5,1610612743,2022,00,Peyton Watson,peyton-watson,8,G,6-7,200,"SEP 11, 2002",20.0,R,UCLA,1631212,Peyton,Draft Rights Traded from OKC on 06/23/22
6,1610612743,2022,00,Davon Reed,davon-reed,9,G,6-5,206,"JUN 11, 1995",27.0,3,Miami,1628432,Davon,Signed on 09/27/21
7,1610612743,2022,00,Jack White,jack-white,10,F,6-7,225,"AUG 05, 1997",25.0,R,Duke,1631298,Jack,Signed on 07/19/22
8,1610612743,2022,00,Bruce Brown,bruce-brown,11,G-F,6-4,202,"AUG 15, 1996",26.0,4,Miami,1628971,Bruce,Signed on 07/07/22
9,1610612743,2022,00,Ish Smith,ish-smith,14,G,6-0,175,"JUL 05, 1988",34.0,12,Wake Forest,202397,Ish,Traded from WAS on 07/06/22
10,1610612743,2022,00,Nikola Jokic,nikola-jokic,15,C,6-11,284,"FEB 19, 1995",27.0,7,Mega Basket,203999,Nikola,#41 Pick in 2014 Draft
11,1610612743,2022,00,Collin Gillespie,collin-gillespie,21,G,6-1,195,"JUN 25, 1999",23.0,R,Villanova,1631221,Collin,Signed on 07/03/22
12,1610612743,2022,00,Zeke Nnaji,zeke-nnaji,22,F-C,6-9,240,"JAN 09, 2001",21.0,2,Arizona,1630192,Zeke,#22 Pick in 2020 Draft
13,1610612743,2022,00,Jamal Murray,jamal-murray,27,G,6-4,215,"FEB 23, 1997",25.0,5,Kentucky,1627750,Jamal,#7 Pick in 2016 Draft
14,1610612743,2022,00,Vlatko Cancar,vlatko-cancar,31,F,6-8,236,"APR 10, 1997",25.0,3,San Pablo Burgos,1628427,Vlatko,#49 Pick in 2017 Draft
15,1610612743,2022,00,Jeff Green,jeff-green,32,F,6-8,235,"AUG 28, 1986",36.0,14,Georgetown,201145,Jeff,Signed on 08/11/21
16,1610612743,2022,00,Aaron Gordon,aaron-gordon,50,F,6-8,235,"SEP 16, 1995",27.0,8,Arizona,203932,Aaron,Traded from ORL on 03/25/21
0,1610612744,2022,00,Jonathan Kuminga,jonathan-kuminga,00,F,6-7,225,"OCT 06, 2002",20.0,1,NBA G League Ignite,1630228,Jonathan,#7 Pick in 2021 Draft
1,1610612744,2022,00,Donte DiVincenzo,donte-divincenzo,0,G,6-4,203,"JAN 31, 1997",25.0,4,Villanova,1628978,Donte,Signed on 07/08/22
2,1610612744,2022,00,JaMychal Green,jamychal-green,1,F-C,6-9,227,"JUN 21, 1990",32.0,8,Alabama,203210,JaMychal,Signed on 08/01/22
3,1610612744,2022,00,Ryan Rollins,ryan-rollins,2,G,6-3,180,"JUL 03, 2002",20.0,R,Toledo,1631157,Ryan,Draft Rights Traded from ATL on 06/24/22
4,1610612744,2022,00,Jordan Poole,jordan-poole,3,G,6-4,194,"JUN 19, 1999",23.0,3,Michigan,1629673,Jordan,#28 Pick in 2019 Draft
5,1610612744,2022,00,Moses Moody,moses-moody,4,G,6-5,211,"MAY 31, 2002",20.0,1,Arkansas,1630541,Moses,#14 Pick in 2021 Draft
6,1610612744,2022,00,Kevon Looney,kevon-looney,5,F,6-9,222,"FEB 06, 1996",26.0,7,UCLA,1626172,Kevon,#30 Pick in 2015 Draft
7,1610612744,2022,00,Patrick Baldwin Jr.,patrick-baldwin-jr,7,F,6-9,220,"NOV 18, 2002",19.0,R,Wisconsin-Milwaukee,1631116,Patrick,#28 Pick in 2022 Draft
8,1610612744,2022,00,Andre Iguodala,andre-iguodala,9,G-F,6-6,215,"JAN 28, 1984",38.0,18,Arizona,2738,Andre,Signed on 08/10/21
9,1610612744,2022,00,Ty Jerome,ty-jerome,10,G-F,6-5,195,"JUL 08, 1997",25.0,3,Virginia,1629660,Ty,Signed on 10/04/22
10,1610612744,2022,00,Klay Thompson,klay-thompson,11,G,6-6,220,"FEB 08, 1990",32.0,9,Washington State,202691,Klay,#11 Pick in 2011 Draft
11,1610612744,2022,00,Andrew Wiggins,andrew-wiggins,22,F,6-7,197,"FEB 23, 1995",27.0,8,Kansas,203952,Andrew,Traded from MIN on 02/06/20
12,1610612744,2022,00,Draymond Green,draymond-green,23,F,6-6,230,"MAR 04, 1990",32.0,10,Michigan State,203110,Draymond,#35 Pick in 2012 Draft
13,1610612744,2022,00,Stephen Curry,stephen-curry,30,G,6-2,185,"MAR 14, 1988",34.0,13,Davidson,201939,Stephen,#7 Pick in 2009 Draft
14,1610612744,2022,00,James Wiseman,james-wiseman,33,C,7-0,240,"MAR 31, 2001",21.0,1,Memphis,1630164,James,#2 Pick in 2020 Draft
15,1610612744,2022,00,Anthony Lamb,anthony-lamb,40,F,6-6,227,"JAN 20, 1998",24.0,2,Vermont,1630237,Anthony,Signed on 10/05/22
0,1610612745,2022,00,TyTy Washington Jr.,tyty-washington-jr,0,G,6-3,195,"NOV 15, 2001",20.0,R,Kentucky,1631102,TyTy,Draft Rights Traded from MIN on 06/24/22
1,1610612745,2022,00,Jabari Smith Jr.,jabari-smith-jr,1,F,6-11,220,"MAY 13, 2003",19.0,R,Auburn,1631095,Jabari,#3 Pick in 2022 Draft
2,1610612745,2022,00,Kevin Porter Jr.,kevin-porter-jr,3,G-F,6-4,203,"MAY 04, 2000",22.0,3,Southern California,1629645,Kevin,Traded from CLE on 01/22/21
3,1610612745,2022,00,Jalen Green,jalen-green,4,G,6-4,186,"FEB 09, 2002",20.0,1,NBA G League Ignite,1630224,Jalen,#2 Pick in 2021 Draft
4,1610612745,2022,00,Darius Days,darius-days,5,F,6-7,245,"OCT 20, 1999",23.0,R,Louisiana State,1630620,Darius,Awarded on Waivers on 10/11/22
5,1610612745,2022,00,Kenyon Martin Jr.,kenyon-martin-jr,6,F,6-7,215,"JAN 06, 2001",21.0,2,IMG Academy (FL),1630231,Kenyon,Draft Rights Traded from SAC on 11/25/20
6,1610612745,2022,00,Jae'Sean Tate,jaesean-tate,8,F,6-5,230,"OCT 28, 1995",27.0,2,Ohio State,1630256,Jae'Sean,Signed on 11/25/20
7,1610612745,2022,00,Josh Christopher,josh-christopher,9,G,6-4,215,"DEC 08, 2001",20.0,1,Arizona State,1630528,Josh,#24 Pick in 2021 Draft
8,1610612745,2022,00,Eric Gordon,eric-gordon,10,G,6-3,215,"DEC 25, 1988",33.0,14,Indiana,201569,Eric,Signed on 07/09/16
9,1610612745,2022,00,Trevor Hudgins,trevor-hudgins,12,G,6-0,180,"MAR 23, 1999",23.0,R,Northwest Missouri State,1631309,Trevor,Signed on 07/01/22
10,1610612745,2022,00,Daishen Nix,daishen-nix,15,G,6-4,226,"FEB 13, 2002",20.0,1,NBA G League Ignite,1630227,Daishen,Signed on 08/24/21
11,1610612745,2022,00,Usman Garuba,usman-garuba,16,F,6-8,229,"MAR 09, 2002",20.0,1,Real Madrid,1630586,Usman,#23 Pick in 2021 Draft
12,1610612745,2022,00,Tari Eason,tari-eason,17,F,6-8,215,"MAY 10, 2001",21.0,R,Louisiana State,1631106,Tari,#17 Pick in 2022 Draft
13,1610612745,2022,00,Bruno Fernando,bruno-fernando,20,F-C,6-10,240,"AUG 15, 1998",24.0,3,Maryland,1628981,Bruno,Traded from BOS on 02/10/22
14,1610612745,2022,00,Garrison Mathews,garrison-mathews,25,G,6-6,215,"OCT 24, 1996",26.0,3,Lipscomb,1629726,Garrison,Awarded on Waivers on 10/18/21
15,1610612745,2022,00,Alperen Sengun,alperen-sengun,28,C,6-11,243,"JUL 25, 2002",20.0,1,Besiktas,1630578,Alperen,Draft Rights Traded from OKC on 07/30/21
16,1610612745,2022,00,Boban Marjanovic,boban-marjanovic,51,C,7-4,290,"AUG 15, 1988",34.0,7,Crvena zvezda,1626246,Boban,Traded from DAL on 06/24/22
0,1610612746,2022,00,Reggie Jackson,reggie-jackson,1,G,6-2,208,"APR 16, 1990",32.0,11,Boston College,202704,Reggie,Signed on 02/20/20
1,1610612746,2022,00,Kawhi Leonard,kawhi-leonard,2,F,6-7,225,"JUN 29, 1991",31.0,10,San Diego State,202695,Kawhi,Signed on 07/09/19
2,1610612746,2022,00,Brandon Boston Jr.,brandon-boston-jr,4,G,6-6,188,"NOV 28, 2001",20.0,1,Kentucky,1630527,Brandon,Draft Rights Traded from NOP on 08/07/21
3,1610612746,2022,00,Luke Kennard,luke-kennard,5,G,6-5,206,"JUN 24, 1996",26.0,5,Duke,1628379,Luke,Traded from DET on 11/19/20
4,1610612746,2022,00,Moses Brown,moses-brown,6,C,7-2,245,"OCT 13, 1999",23.0,3,UCLA,1629650,Moses,Signed on 07/09/22
5,1610612746,2022,00,Amir Coffey,amir-coffey,7,G-F,6-7,210,"JUN 17, 1997",25.0,3,Minnesota,1629599,Amir,Signed on 07/09/19
6,1610612746,2022,00,Marcus Morris Sr.,marcus-morris-sr,8,F,6-8,218,"SEP 02, 1989",33.0,11,Kansas,202694,Marcus,Traded from NYK on 02/06/20
7,1610612746,2022,00,John Wall,john-wall,11,G,6-3,210,"SEP 06, 1990",32.0,10,Kentucky,202322,John,Signed on 07/08/22
8,1610612746,2022,00,Paul George,paul-george,13,F,6-8,220,"MAY 02, 1990",32.0,12,Fresno State,202331,Paul,Traded from OKC on 07/10/19
9,1610612746,2022,00,Terance Mann,terance-mann,14,G-F,6-5,215,"OCT 18, 1996",26.0,3,Florida State,1629611,Terance,#48 Pick in 2019 Draft
10,1610612746,2022,00,Jason Preston,jason-preston,17,G,6-3,181,"AUG 10, 1999",23.0,R,Ohio,1630554,Jason,Draft Rights Traded from ORL on 07/29/21
11,1610612746,2022,00,Robert Covington,robert-covington,23,F,6-7,209,"DEC 14, 1990",31.0,9,Tennessee State,203496,Robert,Traded from POR on 02/04/22
12,1610612746,2022,00,Norman Powell,norman-powell,24,G,6-4,215,"MAY 25, 1993",29.0,7,UCLA,1626181,Norman,Traded from POR on 02/04/22
13,1610612746,2022,00,Moussa Diabate,moussa-diabate,25,F,6-10,210,"JAN 21, 2002",20.0,R,Michigan,1631217,Moussa,#43 Pick in 2022 Draft
14,1610612746,2022,00,Nicolas Batum,nicolas-batum,33,G-F,6-8,230,"DEC 14, 1988",33.0,14,Le Mans,201587,Nicolas,Signed on 12/01/20
15,1610612746,2022,00,Ivica Zubac,ivica-zubac,40,C,7-0,240,"MAR 18, 1997",25.0,6,Mega Basket,1627826,Ivica,Traded from LAL on 02/07/19
0,1610612747,2022,00,Russell Westbrook,russell-westbrook,0,G,6-3,200,"NOV 12, 1988",33.0,14,UCLA,201566,Russell,Traded from WAS on 08/06/21
1,1610612747,2022,00,Anthony Davis,anthony-davis,3,F-C,6-10,253,"MAR 11, 1993",29.0,10,Kentucky,203076,Anthony,Traded from NOP on 07/06/19
2,1610612747,2022,00,Lonnie Walker IV,lonnie-walker-iv,4,G-F,6-4,204,"DEC 14, 1998",23.0,4,Miami,1629022,Lonnie,Signed on 07/06/22
3,1610612747,2022,00,LeBron James,lebron-james,6,F,6-9,250,"DEC 30, 1984",37.0,19,St. Vincent-St. Mary HS (OH),2544,LeBron,Signed on 07/09/18
4,1610612747,2022,00,Troy Brown Jr.,troy-brown-jr,7,G-F,6-7,215,"JUL 28, 1999",23.0,4,Oregon,1628972,Troy,Signed on 07/01/22
5,1610612747,2022,00,Max Christie,max-christie,10,G,6-5,190,"FEB 10, 2003",19.0,R,Michigan State,1631108,Max,#35 Pick in 2022 Draft
6,1610612747,2022,00,Kendrick Nunn,kendrick-nunn,12,G,6-3,190,"AUG 03, 1995",27.0,2,Oakland,1629134,Kendrick,Signed on 08/06/21
7,1610612747,2022,00,Scotty Pippen Jr.,scotty-pippen-jr,14,G,6-1,170,"NOV 10, 2000",22.0,R,Vanderbilt,1630590,Scotty,Signed on 07/01/22
8,1610612747,2022,00,Austin Reaves,austin-reaves,15,G,6-5,197,"MAY 29, 1998",24.0,1,Oklahoma,1630559,Austin,Signed on 08/03/21
9,1610612747,2022,00,Dennis Schroder,dennis-schroder,17,G,6-1,172,"SEP 15, 1993",29.0,9,Braunschweig,203471,Dennis,Signed on 09/16/22
10,1610612747,2022,00,Cole Swider,cole-swider,20,F,6-9,220,"MAY 08, 1999",23.0,R,Syracuse,1631306,Cole,Signed on 07/01/22
11,1610612747,2022,00,Patrick Beverley,patrick-beverley,21,G,6-2,180,"JUL 12, 1988",34.0,10,Arkansas,201976,Patrick,Traded from UTA on 08/25/22
12,1610612747,2022,00,Damian Jones,damian-jones,30,C,6-11,245,"JUN 30, 1995",27.0,6,Vanderbilt,1627745,Damian,Signed on 07/01/22
13,1610612747,2022,00,Thomas Bryant,thomas-bryant,31,C-F,6-10,248,"JUL 31, 1997",25.0,5,Indiana,1628418,Thomas,Signed on 07/06/22
14,1610612747,2022,00,Wenyen Gabriel,wenyen-gabriel,35,F,6-9,205,"MAR 26, 1997",25.0,3,Kentucky,1629117,Wenyen,Signed on 03/01/22
15,1610612747,2022,00,Matt Ryan,matt-ryan,37,F,6-6,215,"APR 17, 1997",25.0,1,Tennessee-Chattanooga,1630346,Matt,Signed on 09/26/22
16,1610612747,2022,00,Juan Toscano-Anderson,juan-toscano-anderson,95,F,6-6,209,"APR 10, 1993",29.0,3,Marquette,1629308,Juan,Signed on 07/01/22
0,1610612748,2022,00,Gabe Vincent,gabe-vincent,2,G,6-2,200,"JUN 14, 1996",26.0,3,California-Santa Barbara,1629216,Gabe,Signed on 01/08/20
1,1610612748,2022,00,Victor Oladipo,victor-oladipo,4,G,6-3,213,"MAY 04, 1992",30.0,9,Indiana,203506,Victor,Traded from HOU on 03/25/21
2,1610612748,2022,00,Nikola Jovic,nikola-jovic,5,F,6-10,205,"JUN 09, 2003",19.0,R,                                   ,1631107,Nikola,#27 Pick in 2022 Draft
3,1610612748,2022,00,Kyle Lowry,kyle-lowry,7,G,6-0,196,"MAR 25, 1986",36.0,16,Villanova,200768,Kyle,Traded from TOR on 08/06/21
4,1610612748,2022,00,Jamal Cain,jamal-cain,8,F,6-6,191,"MAR 20, 1999",23.0,R,Oakland,1631288,Jamal,Signed on 07/15/22
5,1610612748,2022,00,Dru Smith,dru-smith,9,G,6-3,203,"DEC 30, 1997",24.0,R,Missouri,1630696,Dru,Signed on 09/10/21
6,1610612748,2022,00,Bam Adebayo,bam-adebayo,13,C-F,6-9,255,"JUL 18, 1997",25.0,5,Kentucky,1628389,Bam,#14 Pick in 2017 Draft
7,1610612748,2022,00,Tyler Herro,tyler-herro,14,G,6-5,195,"JAN 20, 2000",22.0,3,Kentucky,1629639,Tyler,#13 Pick in 2019 Draft
8,1610612748,2022,00,Caleb Martin,caleb-martin,16,F,6-5,205,"SEP 28, 1995",27.0,3,Nevada,1628997,Caleb,Signed on 09/14/21
9,1610612748,2022,00,Dewayne Dedmon,dewayne-dedmon,21,C,6-10,245,"AUG 12, 1989",33.0,9,Southern California,203473,Dewayne,Signed on 04/08/21
10,1610612748,2022,00,Jimmy Butler,jimmy-butler,22,F,6-7,230,"SEP 14, 1989",33.0,11,Marquette,202710,Jimmy,Traded from PHI on 07/06/19
11,1610612748,2022,00,Haywood Highsmith,haywood-highsmith,24,F,6-5,220,"DEC 09, 1996",25.0,2,Wheeling Jesuit,1629312,Haywood,Signed on 12/30/21
12,1610612748,2022,00,Max Strus,max-strus,31,G-F,6-5,215,"MAR 28, 1996",26.0,3,DePaul,1629622,Max,Signed on 11/30/20
13,1610612748,2022,00,Udonis Haslem,udonis-haslem,40,F,6-7,235,"JUN 09, 1980",42.0,19,Florida,2617,Udonis,Signed on 08/01/03
14,1610612748,2022,00,Duncan Robinson,duncan-robinson,55,F,6-7,215,"APR 22, 1994",28.0,4,Michigan,1629130,Duncan,Signed on 07/10/18
15,1610612748,2022,00,Omer Yurtseven,omer-yurtseven,77,C,6-11,275,"JUN 19, 1998",24.0,1,Georgetown,1630209,Omer,Signed on 05/14/21
0,1610612749,2022,00,MarJon Beauchamp,marjon-beauchamp,0,F,6-7,199,"OCT 12, 2000",22.0,R,NBA G League Ignite,1630699,MarJon,#24 Pick in 2022 Draft
1,1610612749,2022,00,George Hill,george-hill,3,G,6-4,188,"MAY 04, 1986",36.0,14,Indiana-Purdue Indianapolis,201588,George,Signed on 08/06/21
2,1610612749,2022,00,Jevon Carter,jevon-carter,5,G,6-1,200,"SEP 14, 1995",27.0,4,West Virginia,1628975,Jevon,Signed on 02/24/22
3,1610612749,2022,00,Joe Ingles,joe-ingles,7,F-G,6-9,220,"OCT 02, 1987",35.0,8,Maccabi Tel Aviv,204060,Joe,Signed on 07/07/22
4,1610612749,2022,00,Bobby Portis,bobby-portis,9,F,6-11,250,"FEB 10, 1995",27.0,7,Arkansas,1626171,Bobby,Signed on 11/24/20
5,1610612749,2022,00,Brook Lopez,brook-lopez,11,C,7-1,282,"APR 01, 1988",34.0,14,Stanford,201572,Brook,Signed on 07/17/18
6,1610612749,2022,00,Grayson Allen,grayson-allen,12,G,6-4,198,"OCT 08, 1995",27.0,4,Duke,1628960,Grayson,Traded from MEM on 08/07/21
7,1610612749,2022,00,Jordan Nwora,jordan-nwora,13,F,6-9,225,"SEP 09, 1998",24.0,2,Louisville,1629670,Jordan,#45 Pick in 2020 Draft
8,1610612749,2022,00,A.J. Green,aj-green,20,G,6-5,190,"SEP 27, 1999",23.0,R,Northern Iowa,1631260,A.J.,Signed on 07/01/22
9,1610612749,2022,00,Jrue Holiday,jrue-holiday,21,G,6-5,205,"JUN 12, 1990",32.0,13,UCLA,201950,Jrue,Traded from NOP on 11/23/20
10,1610612749,2022,00,Khris Middleton,khris-middleton,22,F,6-7,222,"AUG 12, 1991",31.0,10,Texas A&M,203114,Khris,Traded from DET on 07/31/13
11,1610612749,2022,00,Wesley Matthews,wesley-matthews,23,G,6-5,220,"OCT 14, 1986",36.0,13,Marquette,202083,Wesley,Signed on 12/03/21
12,1610612749,2022,00,Pat Connaughton,pat-connaughton,24,G,6-5,209,"JAN 06, 1993",29.0,7,Notre Dame,1626192,Pat,Signed on 08/01/18
13,1610612749,2022,00,Serge Ibaka,serge-ibaka,25,F,6-11,235,"SEP 18, 1989",33.0,13,Ricoh Manresa,201586,Serge,Traded from LAC on 02/10/22
14,1610612749,2022,00,Giannis Antetokounmpo,giannis-antetokounmpo,34,F,7-0,243,"DEC 06, 1994",27.0,9,Filathlitikos,203507,Giannis,#15 Pick in 2013 Draft
15,1610612749,2022,00,Thanasis Antetokounmpo,thanasis-antetokounmpo,43,F,6-7,219,"JUL 18, 1992",30.0,4,Panathinaikos,203648,Thanasis,Signed on 07/16/19
16,1610612749,2022,00,Sandro Mamukelashvili,sandro-mamukelashvili,54,F-C,6-10,240,"MAY 23, 1999",23.0,1,Seton Hall,1630572,Sandro,Draft Rights Traded from IND on 07/30/21
0,1610612750,2022,00,D'Angelo Russell,dangelo-russell,0,G,6-4,193,"FEB 23, 1996",26.0,7,Ohio State,1626156,D'Angelo,Traded from GSW on 02/06/20
1,1610612750,2022,00,Anthony Edwards,anthony-edwards,1,G,6-4,225,"AUG 05, 2001",21.0,2,Georgia,1630162,Anthony,#1 Pick in 2020 Draft
2,1610612750,2022,00,Jaden McDaniels,jaden-mcdaniels,3,F,6-9,185,"SEP 29, 2000",22.0,2,Washington,1630183,Jaden,Draft Rights Traded from OKC on 11/20/20
3,1610612750,2022,00,Jaylen Nowell,jaylen-nowell,4,G,6-4,201,"JUL 09, 1999",23.0,3,Washington,1629669,Jaylen,#43 Pick in 2019 Draft
4,1610612750,2022,00,Kyle Anderson,kyle-anderson,5,F-G,6-9,230,"SEP 20, 1993",29.0,8,UCLA,203937,Kyle,Signed on 07/07/22
5,1610612750,2022,00,Jordan McLaughlin,jordan-mclaughlin,6,G,6-0,185,"APR 09, 1996",26.0,3,Southern California,1629162,Jordan,Signed on 07/19/19
6,1610612750,2022,00,Wendell Moore Jr.,wendell-moore-jr,7,G,6-5,215,"SEP 18, 2001",21.0,R,Duke,1631111,Wendell,Draft Rights Traded from HOU on 06/24/22
7,1610612750,2022,00,Josh Minott,josh-minott,8,F,6-8,205,"NOV 25, 2002",19.0,R,Memphis,1631169,Josh,Draft Rights Traded from CHA on 06/24/22
8,1610612750,2022,00,Bryn Forbes,bryn-forbes,10,G,6-2,205,"JUL 23, 1993",29.0,6,Michigan State,1627854,Bryn,Signed on 07/10/22
9,1610612750,2022,00,Naz Reid,naz-reid,11,C-F,6-9,264,"AUG 26, 1999",23.0,3,Louisiana State,1629675,Naz,Signed on 07/04/19
10,1610612750,2022,00,Taurean Prince,taurean-prince,12,F,6-6,218,"MAR 22, 1994",28.0,6,Baylor,1627752,Taurean,Traded from CLE on 08/02/21
11,1610612750,2022,00,Nathan Knight,nathan-knight,13,F-C,6-8,253,"SEP 20, 1997",25.0,2,William & Mary,1630233,Nathan,Signed on 08/04/21
12,1610612750,2022,00,Austin Rivers,austin-rivers,25,G,6-4,200,"AUG 01, 1992",30.0,10,Duke,203085,Austin,Signed on 07/19/22
13,1610612750,2022,00,Rudy Gobert,rudy-gobert,27,C,7-1,258,"JUN 26, 1992",30.0,9,Cholet,203497,Rudy,Traded from UTA on 07/06/22
14,1610612750,2022,00,Karl-Anthony Towns,karl-anthony-towns,32,C-F,7-0,248,"NOV 15, 1995",26.0,7,Kentucky,1626157,Karl-Anthony,#1 Pick in 2015 Draft
15,1610612750,2022,00,Luka Garza,luka-garza,55,C,6-10,243,"DEC 27, 1998",23.0,1,Iowa,1630568,Luka,Signed on 08/22/22
0,1610612751,2022,00,Royce O'Neale,royce-oneale,00,F,6-6,226,"JUN 05, 1993",29.0,5,Baylor,1626220,Royce,Traded from UTA on 06/30/22
1,1610612751,2022,00,T.J. Warren,tj-warren,1,F,6-8,220,"SEP 05, 1993",29.0,7,North Carolina State,203933,T.J.,Signed on 07/07/22
2,1610612751,2022,00,Edmond Sumner,edmond-sumner,4,G,6-4,196,"DEC 31, 1995",26.0,4,Xavier,1628410,Edmond,Traded from IND on 10/06/21
3,1610612751,2022,00,David Duke Jr.,david-duke-jr,6,G,6-4,204,"OCT 13, 1999",23.0,1,Providence,1630561,David,Signed on 08/08/21
4,1610612751,2022,00,Kevin Durant,kevin-durant,7,F,6-10,240,"SEP 29, 1988",34.0,14,Texas,201142,Kevin,Traded from GSW on 07/07/19
5,1610612751,2022,00,Patty Mills,patty-mills,8,G,6-0,180,"AUG 11, 1988",34.0,13,St. Mary's,201988,Patty,Signed on 08/10/21
6,1610612751,2022,00,Ben Simmons,ben-simmons,10,G-F,6-10,240,"JUL 20, 1996",26.0,4,Louisiana State,1627732,Ben,Traded from PHI on 02/10/22
7,1610612751,2022,00,Kyrie Irving,kyrie-irving,11,G,6-2,195,"MAR 23, 1992",30.0,11,Duke,202681,Kyrie,Signed on 07/06/19
8,1610612751,2022,00,Joe Harris,joe-harris,12,G-F,6-6,220,"SEP 06, 1991",31.0,8,Virginia,203925,Joe,Signed on 07/19/16
9,1610612751,2022,00,Markieff Morris,markieff-morris,13,F,6-9,245,"SEP 02, 1989",33.0,11,Kansas,202693,Markieff,Signed on 09/07/22
10,1610612751,2022,00,Kessler Edwards,kessler-edwards,14,F,6-7,203,"AUG 09, 2000",22.0,1,Pepperdine,1630556,Kessler,#44 Pick in 2021 Draft
11,1610612751,2022,00,Yuta Watanabe,yuta-watanabe,18,G-F,6-8,215,"OCT 13, 1994",28.0,4,George Washington,1629139,Yuta,Signed on 08/28/22
12,1610612751,2022,00,Day'Ron Sharpe,dayron-sharpe,20,C,6-9,265,"NOV 06, 2001",21.0,1,North Carolina,1630549,Day'Ron,Draft Rights Traded from PHX on 08/06/21
13,1610612751,2022,00,Cam Thomas,cam-thomas,24,G,6-3,210,"OCT 13, 2001",21.0,1,Louisiana State,1630560,Cam,#27 Pick in 2021 Draft
14,1610612751,2022,00,Seth Curry,seth-curry,30,G,6-1,185,"AUG 23, 1990",32.0,8,Duke,203552,Seth,Traded from PHI on 02/10/22
15,1610612751,2022,00,Alondes Williams,alondes-williams,31,G,6-4,210,"JUN 19, 1999",23.0,R,Wake Forest,1631214,Alondes,Signed on 07/04/22
16,1610612751,2022,00,Nic Claxton,nic-claxton,33,C,6-11,215,"APR 17, 1999",23.0,3,Georgia,1629651,Nic,#31 Pick in 2019 Draft
0,1610612752,2022,00,Cam Reddish,cam-reddish,0,F-G,6-7,217,"SEP 01, 1999",23.0,3,Duke,1629629,Cam,Traded from ATL on 01/13/22
1,1610612752,2022,00,Obi Toppin,obi-toppin,1,F,6-9,220,"MAR 04, 1998",24.0,2,Dayton,1630167,Obi,#8 Pick in 2020 Draft
2,1610612752,2022,00,Miles McBride,miles-mcbride,2,G,6-2,195,"SEP 08, 2000",22.0,1,West Virginia,1630540,Miles,Draft Rights Traded from OKC on 07/30/21
3,1610612752,2022,00,Trevor Keels,trevor-keels,3,G,6-4,221,"AUG 26, 2003",19.0,R,Duke,1631211,Trevor,#42 Pick in 2022 Draft
4,1610612752,2022,00,Derrick Rose,derrick-rose,4,G,6-3,200,"OCT 04, 1988",34.0,13,Memphis,201565,Derrick,Traded from DET on 02/08/21
5,1610612752,2022,00,Immanuel Quickley,immanuel-quickley,5,G,6-2,190,"JUN 17, 1999",23.0,2,Kentucky,1630193,Immanuel,Draft Rights Traded from OKC on 11/20/20
6,1610612752,2022,00,Quentin Grimes,quentin-grimes,6,G,6-5,210,"MAY 08, 2000",22.0,1,Houston,1629656,Quentin,Draft Rights Traded from LAC on 07/30/21
7,1610612752,2022,00,RJ Barrett,rj-barrett,9,F-G,6-6,214,"JUN 14, 2000",22.0,3,Duke,1629628,RJ,#3 Pick in 2019 Draft
8,1610612752,2022,00,Jalen Brunson,jalen-brunson,11,G,6-2,190,"AUG 31, 1996",26.0,4,Villanova,1628973,Jalen,Signed on 07/12/22
9,1610612752,2022,00,Evan Fournier,evan-fournier,13,G-F,6-6,205,"OCT 29, 1992",30.0,10,Poitiers Basket 86,203095,Evan,Traded from BOS on 08/17/21
10,1610612752,2022,00,Svi Mykhailiuk,svi-mykhailiuk,17,G-F,6-7,205,"JUN 10, 1997",25.0,4,Kansas,1629004,Svi,Signed on 09/18/22
11,1610612752,2022,00,Mitchell Robinson,mitchell-robinson,23,C-F,7-0,240,"APR 01, 1998",24.0,4,Western Kentucky,1629011,Mitchell,#36 Pick in 2018 Draft
12,1610612752,2022,00,Julius Randle,julius-randle,30,F-C,6-8,250,"NOV 29, 1994",27.0,8,Kentucky,203944,Julius,Signed on 07/08/19
13,1610612752,2022,00,Feron Hunt,feron-hunt,44,F,6-8,195,"JUL 05, 1999",23.0,1,Southern Methodist,1630624,Feron,Signed on 03/18/22
14,1610612752,2022,00,Jericho Sims,jericho-sims,45,C,6-10,250,"OCT 20, 1998",24.0,1,Texas,1630579,Jericho,#58 Pick in 2021 Draft
15,1610612752,2022,00,Ryan Arcidiacono,ryan-arcidiacono,51,G,6-3,195,"MAR 26, 1994",28.0,5,Villanova,1627853,Ryan,Signed on 01/03/22
16,1610612752,2022,00,Isaiah Hartenstein,isaiah-hartenstein,55,C-F,7-0,250,"MAY 05, 1998",24.0,4,Zalgiris,1628392,Isaiah,Signed on 07/12/22
0,1610612753,2022,00,Jonathan Isaac,jonathan-isaac,1,F,6-10,230,"OCT 03, 1997",25.0,3,Florida State,1628371,Jonathan,#6 Pick in 2017 Draft
1,1610612753,2022,00,Caleb Houstan,caleb-houstan,2,G,6-8,205,"JAN 09, 2003",19.0,R,Michigan,1631216,Caleb,#32 Pick in 2022 Draft
2,1610612753,2022,00,Chuma Okeke,chuma-okeke,3,F,6-8,229,"AUG 18, 1998",24.0,2,Auburn,1629643,Chuma,#16 Pick in 2019 Draft
3,1610612753,2022,00,Jalen Suggs,jalen-suggs,4,G,6-5,205,"JUN 03, 2001",21.0,1,Gonzaga,1630591,Jalen,#5 Pick in 2021 Draft
4,1610612753,2022,00,Paolo Banchero,paolo-banchero,5,F,6-10,250,"NOV 12, 2002",19.0,R,Duke,1631094,Paolo,#1 Pick in 2022 Draft
5,1610612753,2022,00,Kevon Harris,kevon-harris,7,G,6-6,216,"JUN 24, 1997",25.0,R,Stephen F. Austin,1630284,Kevon,Signed on 07/25/22
6,1610612753,2022,00,Bol Bol,bol-bol,10,C-F,7-2,220,"NOV 16, 1999",22.0,3,Oregon,1629626,Bol,Traded from BOS on 02/10/22
7,1610612753,2022,00,Mo Bamba,mo-bamba,11,C,7-0,231,"MAY 12, 1998",24.0,4,Texas,1628964,Mo,#6 Pick in 2018 Draft
8,1610612753,2022,00,R.J. Hampton,rj-hampton,13,G,6-4,175,"FEB 07, 2001",21.0,2,New Zealand Breakers,1630181,R.J.,Traded from DEN on 03/25/21
9,1610612753,2022,00,Gary Harris,gary-harris,14,G,6-4,210,"SEP 14, 1994",28.0,8,Michigan State,203914,Gary,Traded from DEN on 03/25/21
10,1610612753,2022,00,Markelle Fultz,markelle-fultz,20,G,6-4,209,"MAY 29, 1998",24.0,5,Washington,1628365,Markelle,Traded from PHI on 02/07/19
11,1610612753,2022,00,Moritz Wagner,moritz-wagner,21,F-C,6-11,245,"APR 26, 1997",25.0,4,Michigan,1629021,Moritz,Signed on 04/27/21
12,1610612753,2022,00,Franz Wagner,franz-wagner,22,F,6-10,220,"AUG 27, 2001",21.0,1,Michigan,1630532,Franz,#8 Pick in 2021 Draft
13,1610612753,2022,00,Admiral Schofield,admiral-schofield,25,F,6-5,241,"MAR 30, 1997",25.0,2,Tennessee,1629678,Admiral,Signed on 09/21/21
14,1610612753,2022,00,Terrence Ross,terrence-ross,31,G-F,6-7,206,"FEB 05, 1991",31.0,10,Washington,203082,Terrence,Traded from TOR on 02/14/17
15,1610612753,2022,00,Wendell Carter Jr.,wendell-carter-jr,34,C-F,6-10,270,"APR 16, 1999",23.0,4,Duke,1628976,Wendell,Traded from CHI on 03/25/21
16,1610612753,2022,00,Cole Anthony,cole-anthony,50,G,6-3,185,"MAY 15, 2000",22.0,2,North Carolina,1630175,Cole,#15 Pick in 2020 Draft
0,1610612754,2022,00,Tyrese Haliburton,tyrese-haliburton,0,G,6-5,185,"FEB 29, 2000",22.0,2,Iowa State,1630169,Tyrese,Traded from SAC on 02/08/22
1,1610612754,2022,00,Bennedict Mathurin,bennedict-mathurin,00,G-F,6-5,210,"JUN 19, 2002",20.0,R,Arizona,1631097,Bennedict,#6 Pick in 2022 Draft
2,1610612754,2022,00,Andrew Nembhard,andrew-nembhard,2,G-F,6-3,191,"JAN 16, 2000",22.0,R,Gonzaga,1629614,Andrew,#31 Pick in 2022 Draft
3,1610612754,2022,00,Chris Duarte,chris-duarte,3,G,6-5,190,"JUN 13, 1997",25.0,1,Oregon,1630537,Chris,#13 Pick in 2021 Draft
4,1610612754,2022,00,Trevelin Queen,trevelin-queen,8,G,6-6,190,"FEB 25, 1997",25.0,1,New Mexico State,1630243,Trevelin,Signed on 10/11/22
5,1610612754,2022,00,T.J. McConnell,tj-mcconnell,9,G,6-1,190,"MAR 25, 1992",30.0,7,Arizona,204456,T.J.,Signed on 07/29/19
6,1610612754,2022,00,Kendall Brown,kendall-brown,10,G,6-7,205,"MAY 11, 2003",19.0,R,Baylor,1631112,Kendall,Draft Rights Traded from MIN on 06/24/22
7,1610612754,2022,00,Oshae Brissett,oshae-brissett,12,F-G,6-7,210,"JUN 20, 1998",24.0,3,Syracuse,1629052,Oshae,Signed on 04/01/21
8,1610612754,2022,00,James Johnson,james-johnson,16,F,6-7,240,"FEB 20, 1987",35.0,13,Wake Forest,201949,James,Signed on 09/15/22
9,1610612754,2022,00,Terry Taylor,terry-taylor,21,F,6-4,230,"SEP 23, 1999",23.0,1,Austin Peay,1630678,Terry,Signed on 08/05/21
10,1610612754,2022,00,Isaiah Jackson,isaiah-jackson,22,F,6-9,205,"JAN 10, 2002",20.0,1,Kentucky,1630543,Isaiah,Draft Rights Traded from LAL on 08/06/21
11,1610612754,2022,00,Aaron Nesmith,aaron-nesmith,23,G-F,6-5,215,"OCT 16, 1999",23.0,2,Vanderbilt,1630174,Aaron,Traded from BOS on 07/09/22
12,1610612754,2022,00,Buddy Hield,buddy-hield,24,G,6-4,220,"DEC 17, 1992",29.0,6,Oklahoma,1627741,Buddy,Traded from SAC on 02/08/22
13,1610612754,2022,00,Jalen Smith,jalen-smith,25,F-C,6-9,215,"MAR 16, 2000",22.0,2,Maryland,1630188,Jalen,Traded from PHX on 02/10/22
14,1610612754,2022,00,Daniel Theis,daniel-theis,27,F-C,6-8,245,"APR 04, 1992",30.0,5,Brose Bamberg,1628464,Daniel,Traded from BOS on 07/09/22
15,1610612754,2022,00,Myles Turner,myles-turner,33,C-F,6-11,250,"MAR 24, 1996",26.0,7,Texas,1626167,Myles,#11 Pick in 2015 Draft
16,1610612754,2022,00,Goga Bitadze,goga-bitadze,88,C-F,6-11,250,"JUL 20, 1999",23.0,3,Mega Basket,1629048,Goga,#18 Pick in 2019 Draft
0,1610612755,2022,00,Tyrese Maxey,tyrese-maxey,0,G,6-2,200,"NOV 04, 2000",22.0,2,Kentucky,1630178,Tyrese,#21 Pick in 2020 Draft
1,1610612755,2022,00,James Harden,james-harden,1,G,6-5,220,"AUG 26, 1989",33.0,13,Arizona State,201935,James,Traded from BKN on 02/10/22
2,1610612755,2022,00,Montrezl Harrell,montrezl-harrell,5,F-C,6-7,240,"JAN 26, 1994",28.0,7,Louisville,1626149,Montrezl,Signed on 09/13/22
3,1610612755,2022,00,De'Anthony Melton,deanthony-melton,8,G,6-2,200,"MAY 28, 1998",24.0,4,Southern California,1629001,De'Anthony,Traded from MEM on 06/24/22
4,1610612755,2022,00,Jaden Springer,jaden-springer,11,G,6-4,202,"SEP 25, 2002",20.0,1,Tennessee,1630531,Jaden,#28 Pick in 2021 Draft
5,1610612755,2022,00,Tobias Harris,tobias-harris,12,F,6-7,226,"JUL 15, 1992",30.0,11,Tennessee,202699,Tobias,Traded from LAC on 02/06/19
6,1610612755,2022,00,P.J. Tucker,pj-tucker,17,F,6-5,245,"MAY 05, 1985",37.0,11,Texas,200782,P.J.,Signed on 07/06/22
7,1610612755,2022,00,Shake Milton,shake-milton,18,G-F,6-5,205,"SEP 26, 1996",26.0,4,Southern Methodist,1629003,Shake,Draft Rights Traded from DAL on 06/22/18
8,1610612755,2022,00,Georges Niang,georges-niang,20,F,6-7,230,"JUN 17, 1993",29.0,6,Iowa State,1627777,Georges,Signed on 08/06/21
9,1610612755,2022,00,Joel Embiid,joel-embiid,21,C-F,7-0,280,"MAR 16, 1994",28.0,6,Kansas,203954,Joel,#3 Pick in 2014 Draft
10,1610612755,2022,00,Matisse Thybulle,matisse-thybulle,22,G-F,6-5,201,"MAR 04, 1997",25.0,3,Washington,1629680,Matisse,Draft Rights Traded from BOS on 06/21/19
11,1610612755,2022,00,Danuel House Jr.,danuel-house-jr,25,F-G,6-6,220,"JUN 07, 1993",29.0,6,Texas A&M,1627863,Danuel,Signed on 07/06/22
12,1610612755,2022,00,Furkan Korkmaz,furkan-korkmaz,30,G-F,6-7,202,"JUL 24, 1997",25.0,5,Anadolu Efes,1627788,Furkan,#26 Pick in 2016 Draft
13,1610612755,2022,00,Michael Foster Jr.,michael-foster-jr,35,F,6-8,250,"JAN 16, 2003",19.0,R,NBA G League Ignite,1630701,Michael,Signed on 07/10/22
14,1610612755,2022,00,Paul Reed,paul-reed,44,F,6-9,210,"JUN 14, 1999",23.0,2,DePaul,1630194,Paul,#58 Pick in 2020 Draft
15,1610612755,2022,00,Julian Champagnie,julian-champagnie,55,F,6-7,217,"JUN 29, 2001",21.0,R,St. John's,1630577,Julian,Signed on 07/02/22
0,1610612756,2022,00,Torrey Craig,torrey-craig,0,F,6-7,221,"DEC 19, 1990",31.0,5,South Carolina Upstate,1628470,Torrey,Traded from IND on 02/10/22
1,1610612756,2022,00,Devin Booker,devin-booker,1,G,6-5,206,"OCT 30, 1996",26.0,7,Kentucky,1626164,Devin,#13 Pick in 2015 Draft
2,1610612756,2022,00,Josh Okogie,josh-okogie,2,G,6-4,213,"SEP 01, 1998",24.0,4,Georgia Tech,1629006,Josh,Signed on 07/02/22
3,1610612756,2022,00,Chris Paul,chris-paul,3,G,6-0,175,"MAY 06, 1985",37.0,17,Wake Forest,101108,Chris,Traded from OKC on 11/16/20
4,1610612756,2022,00,Duane Washington Jr.,duane-washington-jr,4,G,6-2,197,"MAR 24, 2000",22.0,1,Ohio State,1630613,Duane,Signed on 08/03/22
5,1610612756,2022,00,Damion Lee,damion-lee,10,G-F,6-5,210,"OCT 21, 1992",30.0,5,Drexel,1627814,Damion,Signed on 07/01/22
6,1610612756,2022,00,Jock Landale,jock-landale,11,C,6-11,255,"OCT 25, 1995",27.0,1,St. Mary's,1629111,Jock,Traded from ATL on 07/06/22
7,1610612756,2022,00,Ish Wainright,ish-wainright,12,F,6-5,250,"SEP 12, 1994",28.0,1,Baylor,1630688,Ish,Signed on 10/21/21
8,1610612756,2022,00,Landry Shamet,landry-shamet,14,G,6-4,190,"MAR 13, 1997",25.0,4,Wichita State,1629013,Landry,Traded from BKN on 08/06/21
9,1610612756,2022,00,Cameron Payne,cameron-payne,15,G,6-1,183,"AUG 08, 1994",28.0,7,Murray State,1626166,Cameron,Signed on 06/30/20
10,1610612756,2022,00,Bismack Biyombo,bismack-biyombo,18,C,6-8,255,"AUG 28, 1992",30.0,11,Baloncesto Fuenlabrada,202687,Bismack,Signed on 01/01/22
11,1610612756,2022,00,Dario Saric,dario-saric,20,F-C,6-10,225,"APR 08, 1994",28.0,5,Anadolu Efes,203967,Dario,Traded from MIN on 07/06/19
12,1610612756,2022,00,Deandre Ayton,deandre-ayton,22,C,7-0,250,"JUL 23, 1998",24.0,4,Arizona,1629028,Deandre,#1 Pick in 2018 Draft
13,1610612756,2022,00,Cameron Johnson,cameron-johnson,23,F,6-8,210,"MAR 03, 1996",26.0,3,North Carolina,1629661,Cameron,Draft Rights Traded from MIN on 07/06/19
14,1610612756,2022,00,Mikal Bridges,mikal-bridges,25,F,6-6,209,"AUG 30, 1996",26.0,4,Villanova,1628969,Mikal,Draft Rights Traded from PHI on 06/21/18
15,1610612756,2022,00,Jae Crowder,jae-crowder,99,F,6-6,235,"JUL 06, 1990",32.0,10,Marquette,203109,Jae,Signed on 11/28/20
0,1610612757,2022,00,Damian Lillard,damian-lillard,0,G,6-2,195,"JUL 15, 1990",32.0,10,Weber State,203081,Damian,#6 Pick in 2012 Draft
1,1610612757,2022,00,Gary Payton II,gary-payton-ii,00,G,6-2,195,"DEC 01, 1992",29.0,6,Oregon State,1627780,Gary,Signed on 07/06/22
2,1610612757,2022,00,Anfernee Simons,anfernee-simons,1,G,6-3,181,"JUN 08, 1999",23.0,4,Edgewater HS (FL),1629014,Anfernee,#24 Pick in 2018 Draft
3,1610612757,2022,00,Trendon Watford,trendon-watford,2,F,6-8,237,"NOV 09, 2000",22.0,1,Louisiana State,1630570,Trendon,Signed on 08/03/21
4,1610612757,2022,00,Greg Brown III,greg-brown-iii,4,F,6-7,206,"SEP 01, 2001",21.0,1,Texas,1630535,Greg,Draft Rights Traded from NOP on 07/30/21
5,1610612757,2022,00,Keon Johnson,keon-johnson,6,G,6-3,185,"MAR 10, 2002",20.0,1,Tennessee,1630553,Keon,Traded from LAC on 02/04/22
6,1610612757,2022,00,Jerami Grant,jerami-grant,9,F,6-8,210,"MAR 12, 1994",28.0,8,Syracuse,203924,Jerami,Traded from DET on 07/06/22
7,1610612757,2022,00,Nassir Little,nassir-little,10,F-G,6-5,220,"FEB 11, 2000",22.0,3,North Carolina,1629642,Nassir,#25 Pick in 2019 Draft
8,1610612757,2022,00,Josh Hart,josh-hart,11,G,6-4,215,"MAR 06, 1995",27.0,5,Villanova,1628404,Josh,Traded from NOP on 02/08/22
9,1610612757,2022,00,Shaedon Sharpe,shaedon-sharpe,17,G,6-5,200,"MAY 30, 2003",19.0,R,Kentucky,1631101,Shaedon,#7 Pick in 2022 Draft
10,1610612757,2022,00,John Butler Jr.,john-butler-jr,21,F,7-0,190,"DEC 04, 2002",19.0,R,Florida State,1631219,John,Signed on 10/20/22
11,1610612757,2022,00,Drew Eubanks,drew-eubanks,24,F-C,6-10,245,"FEB 01, 1997",25.0,4,Oregon State,1629234,Drew,Signed on 02/22/22
12,1610612757,2022,00,Justise Winslow,justise-winslow,26,F-G,6-6,222,"MAR 26, 1996",26.0,7,Duke,1626159,Justise,Traded from LAC on 02/04/22
13,1610612757,2022,00,Jusuf Nurkic,jusuf-nurkic,27,C,7-0,290,"AUG 23, 1994",28.0,8,Cedevita,203994,Jusuf,Traded from DEN on 02/13/17
14,1610612757,2022,00,Olivier Sarr,olivier-sarr,33,C,6-11,240,"FEB 20, 1999",23.0,1,Kentucky,1630846,Olivier,Signed on 09/07/22
15,1610612757,2022,00,Jabari Walker,jabari-walker,34,F,6-7,200,"JUL 30, 2002",20.0,R,Colorado,1631133,Jabari,#57 Pick in 2022 Draft
0,1610612758,2022,00,Malik Monk,malik-monk,0,G,6-3,200,"FEB 04, 1998",24.0,5,Kentucky,1628370,Malik,Signed on 07/06/22
1,1610612758,2022,00,Terence Davis,terence-davis,3,G,6-4,201,"MAY 16, 1997",25.0,3,Mississippi,1629056,Terence,Traded from TOR on 03/25/21
2,1610612758,2022,00,De'Aaron Fox,deaaron-fox,5,G,6-3,185,"DEC 20, 1997",24.0,5,Kentucky,1628368,De'Aaron,#5 Pick in 2017 Draft
3,1610612758,2022,00,Chimezie Metu,chimezie-metu,7,F-C,6-9,225,"MAR 22, 1997",25.0,4,Southern California,1629002,Chimezie,Signed on 11/27/20
4,1610612758,2022,00,Matthew Dellavedova,matthew-dellavedova,8,G,6-3,200,"SEP 08, 1990",32.0,8,St. Mary's,203521,Matthew,Signed on 07/29/22
5,1610612758,2022,00,Kevin Huerter,kevin-huerter,9,G-F,6-7,198,"AUG 27, 1998",24.0,4,Maryland,1628989,Kevin,Traded from ATL on 07/06/22
6,1610612758,2022,00,Domantas Sabonis,domantas-sabonis,10,F-C,7-1,240,"MAY 03, 1996",26.0,6,Gonzaga,1627734,Domantas,Traded from IND on 02/08/22
7,1610612758,2022,00,Keegan Murray,keegan-murray,13,F,6-8,225,"AUG 19, 2000",22.0,R,Iowa,1631099,Keegan,#4 Pick in 2022 Draft
8,1610612758,2022,00,Davion Mitchell,davion-mitchell,15,G,6-0,202,"SEP 05, 1998",24.0,1,Baylor,1630558,Davion,#9 Pick in 2021 Draft
9,1610612758,2022,00,Chima Moneke,chima-moneke,19,F,6-5,223,"DEC 24, 1995",26.0,R,California-Davis,1631320,Chima,Signed on 07/18/22
10,1610612758,2022,00,Richaun Holmes,richaun-holmes,22,F,6-8,235,"OCT 15, 1993",29.0,7,Bowling Green,1626158,Richaun,Signed on 07/16/19
11,1610612758,2022,00,Keon Ellis,keon-ellis,23,G,6-3,175,"JAN 08, 2000",22.0,R,Alabama,1631165,Keon,Signed on 07/02/22
12,1610612758,2022,00,Alex Len,alex-len,25,C,7-2,250,"JUN 16, 1993",29.0,9,Maryland,203458,Alex,Signed on 08/13/21
13,1610612758,2022,00,KZ Okpala,kz-okpala,30,F-G,6-8,215,"APR 28, 1999",23.0,3,Stanford,1629644,KZ,Signed on 09/14/22
14,1610612758,2022,00,Harrison Barnes,harrison-barnes,40,F,6-8,225,"MAY 30, 1992",30.0,10,North Carolina,203084,Harrison,Traded from DAL on 02/07/19
15,1610612758,2022,00,Trey Lyles,trey-lyles,41,F,6-9,234,"NOV 05, 1995",27.0,7,Kentucky,1626168,Trey,Traded from DET on 02/10/22
16,1610612758,2022,00,Neemias Queta,neemias-queta,88,C,7-0,248,"JUL 13, 1999",23.0,1,Utah State,1629674,Neemias,#39 Pick in 2021 Draft
0,1610612759,2022,00,Keldon Johnson,keldon-johnson,3,F-G,6-5,220,"OCT 11, 1999",23.0,3,Kentucky,1629640,Keldon,#29 Pick in 2019 Draft
1,1610612759,2022,00,Josh Richardson,josh-richardson,7,G,6-6,200,"SEP 15, 1993",29.0,7,Tennessee,1626196,Josh,Traded from BOS on 02/10/22
2,1610612759,2022,00,Jeremy Sochan,jeremy-sochan,10,F,6-8,230,"MAY 20, 2003",19.0,R,Baylor,1631110,Jeremy,#9 Pick in 2022 Draft
3,1610612759,2022,00,Blake Wesley,blake-wesley,14,G,6-4,185,"MAR 16, 2003",19.0,R,Notre Dame,1631104,Blake,#25 Pick in 2022 Draft
4,1610612759,2022,00,Doug McDermott,doug-mcdermott,17,F,6-6,225,"JAN 03, 1992",30.0,8,Creighton,203926,Doug,Traded from IND on 08/07/21
5,1610612759,2022,00,Isaiah Roby,isaiah-roby,18,F,6-8,230,"FEB 03, 1998",24.0,3,Nebraska,1629676,Isaiah,Awarded on Waivers on 07/05/22
6,1610612759,2022,00,Malaki Branham,malaki-branham,22,F,6-4,180,"MAY 12, 2003",19.0,R,Ohio State,1631103,Malaki,#20 Pick in 2022 Draft
7,1610612759,2022,00,Zach Collins,zach-collins,23,F-C,6-11,250,"NOV 19, 1997",24.0,4,Gonzaga,1628380,Zach,Signed on 08/11/21
8,1610612759,2022,00,Devin Vassell,devin-vassell,24,G-F,6-5,200,"AUG 23, 2000",22.0,2,Florida State,1630170,Devin,#11 Pick in 2020 Draft
9,1610612759,2022,00,Jakob Poeltl,jakob-poeltl,25,C,7-1,245,"OCT 15, 1995",27.0,6,Utah,1627751,Jakob,Traded from TOR on 07/18/18
10,1610612759,2022,00,Dominick Barlow,dominick-barlow,26,F,6-9,215,"MAY 26, 2003",19.0,R,                                   ,1631230,Dominick,Signed on 07/10/22
11,1610612759,2022,00,Charles Bassey,charles-bassey,28,C-F,6-9,230,"OCT 28, 2000",22.0,1,Western Kentucky,1629646,Charles,Signed on 10/24/22
12,1610612759,2022,00,Keita Bates-Diop,keita-bates-diop,31,F,6-8,229,"JAN 23, 1996",26.0,4,Ohio State,1628966,Keita,Signed on 11/29/20
13,1610612759,2022,00,Tre Jones,tre-jones,33,G,6-1,185,"JAN 08, 2000",22.0,2,Duke,1630200,Tre,#41 Pick in 2020 Draft
14,1610612759,2022,00,Romeo Langford,romeo-langford,35,G-F,6-5,216,"OCT 25, 1999",23.0,3,Indiana,1629641,Romeo,Traded from BOS on 02/10/22
15,1610612759,2022,00,Gorgui Dieng,gorgui-dieng,41,C,6-10,248,"JAN 18, 1990",32.0,9,Louisville,203476,Gorgui,Signed on 08/09/22
16,1610612759,2022,00,Jordan Hall,jordan-hall,55,G,6-7,215,"JAN 14, 2002",20.0,R,St. Joseph's (PA),1631160,Jordan,Signed on 08/11/22
0,1610612760,2022,00,Shai Gilgeous-Alexander,shai-gilgeous-alexander,2,G,6-6,195,"JUL 12, 1998",24.0,4,Kentucky,1628983,Shai,Traded from LAC on 07/10/19
1,1610612760,2022,00,Josh Giddey,josh-giddey,3,G,6-8,216,"OCT 10, 2002",20.0,1,NBA Global Academy,1630581,Josh,#6 Pick in 2021 Draft
2,1610612760,2022,00,Luguentz Dort,luguentz-dort,5,G,6-4,220,"APR 19, 1999",23.0,3,Arizona State,1629652,Luguentz,Signed on 07/06/19
3,1610612760,2022,00,Jaylin Williams,jaylin-williams,6,F,6-9,240,"JUN 29, 2002",20.0,R,Arkansas,1631119,Jaylin,#34 Pick in 2022 Draft
4,1610612760,2022,00,Chet Holmgren,chet-holmgren,7,C-F,7-1,195,"MAY 01, 2002",20.0,R,Gonzaga,1631096,Chet,#2 Pick in 2022 Draft
5,1610612760,2022,00,Jalen Williams,jalen-williams,8,G-F,6-5,211,"APR 14, 2001",21.0,R,Santa Clara,1631114,Jalen,#12 Pick in 2022 Draft
6,1610612760,2022,00,Isaiah Joe,isaiah-joe,11,G,6-3,165,"JUL 02, 1999",23.0,2,Arkansas,1630198,Isaiah,Signed on 10/16/22
7,1610612760,2022,00,Lindy Waters III,lindy-waters-iii,12,F,6-6,210,"JUL 28, 1997",25.0,1,Oklahoma State,1630322,Lindy,Signed on 02/10/22
8,1610612760,2022,00,Ousmane Dieng,ousmane-dieng,13,F,6-9,185,"MAY 21, 2003",19.0,R,New Zealand Breakers,1631172,Ousmane,Draft Rights Traded from NYK on 06/23/22
9,1610612760,2022,00,Aleksej Pokusevski,aleksej-pokusevski,17,F,7-0,210,"DEC 26, 2001",20.0,2,Olympiacos,1630197,Aleksej,Draft Rights Traded from MIN on 11/20/20
10,1610612760,2022,00,Aaron Wiggins,aaron-wiggins,21,G,6-5,190,"JAN 02, 1999",23.0,1,Maryland,1630598,Aaron,#55 Pick in 2021 Draft
11,1610612760,2022,00,Tre Mann,tre-mann,23,G,6-3,178,"FEB 03, 2001",21.0,1,Florida,1630544,Tre,#18 Pick in 2021 Draft
12,1610612760,2022,00,Mike Muscala,mike-muscala,33,F-C,6-11,240,"JUL 01, 1991",31.0,9,Bucknell,203488,Mike,Signed on 07/09/19
13,1610612760,2022,00,Kenrich Williams,kenrich-williams,34,G-F,6-6,210,"DEC 02, 1994",27.0,4,TCU,1629026,Kenrich,Traded from NOP on 11/23/20
14,1610612760,2022,00,Jeremiah Robinson-Earl,jeremiah-robinson-earl,50,F,6-8,240,"NOV 03, 2000",22.0,1,Villanova,1630526,Jeremiah,Draft Rights Traded from NYK on 07/30/21
15,1610612760,2022,00,Darius Bazley,darius-bazley,55,F,6-9,216,"JUN 12, 2000",22.0,3,Princeton HS (OH),1629647,Darius,Draft Rights Traded from MEM on 07/06/19
16,1610612760,2022,00,Eugene Omoruyi,eugene-omoruyi,97,F,6-6,235,"FEB 14, 1997",25.0,1,Oregon,1630647,Eugene,Signed on 07/02/22
0,1610612761,2022,00,O.G. Anunoby,og-anunoby,3,F,6-7,232,"JUL 17, 1997",25.0,5,Indiana,1628384,O.G.,#23 Pick in 2017 Draft
1,1610612761,2022,00,Scottie Barnes,scottie-barnes,4,F,6-8,225,"AUG 01, 2001",21.0,1,Florida State,1630567,Scottie,#4 Pick in 2021 Draft
2,1610612761,2022,00,Precious Achiuwa,precious-achiuwa,5,F,6-8,225,"SEP 19, 1999",23.0,2,Memphis,1630173,Precious,Traded from MIA on 08/06/21
3,1610612761,2022,00,Ron Harper Jr.,ron-harper-jr,8,F,6-5,245,"APR 12, 2000",22.0,R,Rutgers,1631199,Ron,Signed on 07/13/22
4,1610612761,2022,00,Justin Champagnie,justin-champagnie,11,G-F,6-6,206,"JUN 29, 2001",21.0,1,Pittsburgh,1630551,Justin,Signed on 08/07/21
5,1610612761,2022,00,Jeff Dowtin Jr.,jeff-dowtin-jr,20,G,6-3,177,"MAY 10, 1997",25.0,1,Rhode Island,1630288,Jeff,Signed on 07/19/22
6,1610612761,2022,00,Thaddeus Young,thaddeus-young,21,F,6-8,235,"JUN 21, 1988",34.0,15,Georgia Tech,201152,Thaddeus,Traded from SAS on 02/10/22
7,1610612761,2022,00,Malachi Flynn,malachi-flynn,22,G,6-1,175,"MAY 09, 1998",24.0,2,San Diego State,1630201,Malachi,#29 Pick in 2020 Draft
8,1610612761,2022,00,Fred VanVleet,fred-vanvleet,23,G,6-0,197,"FEB 25, 1994",28.0,6,Wichita State,1627832,Fred,Signed on 07/16/16
9,1610612761,2022,00,Khem Birch,khem-birch,24,C,6-8,233,"SEP 28, 1992",30.0,5,UNLV,203920,Khem,Signed on 04/10/21
10,1610612761,2022,00,Chris Boucher,chris-boucher,25,F-C,6-9,200,"JAN 11, 1993",29.0,5,Oregon,1628449,Chris,Signed on 07/20/18
11,1610612761,2022,00,Otto Porter Jr.,otto-porter-jr,32,F,6-8,198,"JUN 03, 1993",29.0,9,Georgetown,203490,Otto,Signed on 07/06/22
12,1610612761,2022,00,Gary Trent Jr.,gary-trent-jr,33,G-F,6-5,209,"JAN 18, 1999",23.0,4,Duke,1629018,Gary,Traded from POR on 03/25/21
13,1610612761,2022,00,Christian Koloko,christian-koloko,35,C,7-0,230,"JUN 20, 2000",22.0,R,Arizona,1631132,Christian,#33 Pick in 2022 Draft
14,1610612761,2022,00,Juancho Hernangomez,juancho-hernangomez,41,F,6-9,214,"SEP 28, 1995",27.0,6,Estudiantes,1627823,Juancho,Signed on 07/27/22
15,1610612761,2022,00,Pascal Siakam,pascal-siakam,43,F,6-8,230,"APR 02, 1994",28.0,6,New Mexico State,1627783,Pascal,#27 Pick in 2016 Draft
16,1610612761,2022,00,Dalano Banton,dalano-banton,45,F,6-7,204,"NOV 07, 1999",23.0,1,Nebraska,1630625,Dalano,#46 Pick in 2021 Draft
0,1610612762,2022,00,Talen Horton-Tucker,talen-horton-tucker,0,G,6-4,234,"NOV 25, 2000",21.0,3,Iowa State,1629659,Talen,Traded from LAL on 08/25/22
1,1610612762,2022,00,Jordan Clarkson,jordan-clarkson,00,G,6-5,194,"JUN 07, 1992",30.0,8,Missouri,203903,Jordan,Traded from CLE on 12/23/19
2,1610612762,2022,00,Collin Sexton,collin-sexton,2,G,6-2,190,"JAN 04, 1999",23.0,4,Alabama,1629012,Collin,Traded from CLE on 09/03/22
3,1610612762,2022,00,Malik Beasley,malik-beasley,5,G,6-4,187,"NOV 26, 1996",25.0,6,Florida State,1627736,Malik,Traded from MIN on 07/06/22
4,1610612762,2022,00,Nickeil Alexander-Walker,nickeil-alexander-walker,6,G,6-5,205,"SEP 02, 1998",24.0,3,Virginia Tech,1629638,Nickeil,Traded from POR on 02/09/22
5,1610612762,2022,00,Jarred Vanderbilt,jarred-vanderbilt,8,F,6-8,214,"APR 03, 1999",23.0,4,Kentucky,1629020,Jarred,Traded from MIN on 07/06/22
6,1610612762,2022,00,Leandro Bolmaro,leandro-bolmaro,10,F,6-6,200,"SEP 11, 2000",22.0,1,FC Barcelona,1630195,Leandro,Traded from MIN on 07/06/22
7,1610612762,2022,00,Mike Conley,mike-conley,11,G,6-1,175,"OCT 11, 1987",35.0,15,Ohio State,201144,Mike,Traded from MEM on 07/06/19
8,1610612762,2022,00,Simone Fontecchio,simone-fontecchio,16,F,6-7,209,"DEC 09, 1995",26.0,R,Baskonia,1631323,Simone,Signed on 07/27/22
9,1610612762,2022,00,Udoka Azubuike,udoka-azubuike,20,C-F,6-11,270,"SEP 17, 1999",23.0,2,Kansas,1628962,Udoka,#27 Pick in 2020 Draft
10,1610612762,2022,00,Rudy Gay,rudy-gay,22,F-G,6-8,250,"AUG 17, 1986",36.0,16,Connecticut,200752,Rudy,Signed on 08/06/21
11,1610612762,2022,00,Lauri Markkanen,lauri-markkanen,23,F-C,7-0,240,"MAY 22, 1997",25.0,5,Arizona,1628374,Lauri,Traded from CLE on 09/03/22
12,1610612762,2022,00,Walker Kessler,walker-kessler,24,C,7-0,245,"JUL 26, 2001",21.0,R,Auburn,1631117,Walker,Draft Rights Traded from MIN on 07/06/22
13,1610612762,2022,00,Micah Potter,micah-potter,25,C,6-8,248,"APR 06, 1998",24.0,1,Wisconsin,1630695,Micah,Signed on 10/12/22
14,1610612762,2022,00,Ochai Agbaji,ochai-agbaji,30,G,6-5,215,"APR 20, 2000",22.0,R,Kansas,1630534,Ochai,Traded from CLE on 09/03/22
15,1610612762,2022,00,Johnny Juzang,johnny-juzang,33,G,6-6,209,"MAR 17, 2001",21.0,R,UCLA,1630548,Johnny,Signed on 07/15/22
16,1610612762,2022,00,Kelly Olynyk,kelly-olynyk,41,F-C,6-11,240,"APR 19, 1991",31.0,9,Gonzaga,203482,Kelly,Traded from DET on 09/22/22
0,1610612763,2022,00,Kennedy Chandler,kennedy-chandler,1,G,5-11,170,"SEP 16, 2002",20.0,R,Tennessee,1631113,Kennedy,Draft Rights Traded from SAS on 06/24/22
1,1610612763,2022,00,Xavier Tillman,xavier-tillman,2,F,6-7,245,"JAN 12, 1999",23.0,2,Michigan State,1630214,Xavier,Draft Rights Traded from SAC on 11/19/20
2,1610612763,2022,00,Jake LaRavia,jake-laravia,3,F,6-7,235,"NOV 03, 2001",21.0,R,Wake Forest,1631222,Jake,Draft Rights Traded from MIN on 06/24/22
3,1610612763,2022,00,Steven Adams,steven-adams,4,C,6-11,265,"JUL 20, 1993",29.0,9,Pittsburgh,203500,Steven,Traded from NOP on 08/07/21
4,1610612763,2022,00,Vince Williams Jr.,vince-williams-jr,5,G,6-4,205,"AUG 30, 2000",22.0,R,Virginia Commonwealth,1631246,Vince,#47 Pick in 2022 Draft
5,1610612763,2022,00,Kenneth Lofton Jr.,kenneth-lofton-jr,6,F,6-6,275,"AUG 14, 2002",20.0,R,Louisiana Tech,1631254,Kenneth,Signed on 07/01/22
6,1610612763,2022,00,Santi Aldama,santi-aldama,7,F-C,7-0,215,"JAN 10, 2001",21.0,1,Loyola-Maryland,1630583,Santi,Draft Rights Traded from UTA on 08/07/21
7,1610612763,2022,00,Ziaire Williams,ziaire-williams,8,F,6-9,185,"SEP 12, 2001",21.0,1,Stanford,1630533,Ziaire,Draft Rights Traded from NOP on 08/07/21
8,1610612763,2022,00,Ja Morant,ja-morant,12,G,6-2,174,"AUG 10, 1999",23.0,3,Murray State,1629630,Ja,#2 Pick in 2019 Draft
9,1610612763,2022,00,Jaren Jackson Jr.,jaren-jackson-jr,13,F-C,6-10,242,"SEP 15, 1999",23.0,4,Michigan State,1628991,Jaren,#4 Pick in 2018 Draft
10,1610612763,2022,00,Danny Green,danny-green,14,G,6-6,215,"JUN 22, 1987",35.0,13,North Carolina,201980,Danny,Traded from PHI on 06/24/22
11,1610612763,2022,00,Brandon Clarke,brandon-clarke,15,F,6-8,215,"SEP 19, 1996",26.0,3,Gonzaga,1629634,Brandon,Draft Rights Traded from OKC on 07/06/19
12,1610612763,2022,00,Tyus Jones,tyus-jones,21,G,6-2,196,"MAY 10, 1996",26.0,7,Duke,1626145,Tyus,Signed on 07/11/19
13,1610612763,2022,00,Desmond Bane,desmond-bane,22,G,6-5,215,"JUN 25, 1998",24.0,2,TCU,1630217,Desmond,Draft Rights Traded from BOS on 11/20/20
14,1610612763,2022,00,Dillon Brooks,dillon-brooks,24,G-F,6-6,225,"JAN 22, 1996",26.0,5,Oregon,1628415,Dillon,Draft Rights Traded from HOU on 06/22/17
15,1610612763,2022,00,David Roddy,david-roddy,27,F,6-4,255,"MAR 27, 2001",21.0,R,Colorado State,1631223,David,Draft Rights Traded from PHI on 06/24/22
16,1610612763,2022,00,John Konchar,john-konchar,46,G,6-5,210,"MAR 22, 1996",26.0,3,Indiana-Purdue Fort Wayne,1629723,John,Signed on 07/07/19
0,1610612764,2022,00,Johnny Davis,johnny-davis,1,G,6-4,195,"FEB 27, 2002",20.0,R,Wisconsin,1631098,Johnny,#10 Pick in 2022 Draft
1,1610612764,2022,00,Bradley Beal,bradley-beal,3,G,6-4,207,"JUN 28, 1993",29.0,10,Florida,203078,Bradley,#3 Pick in 2012 Draft
2,1610612764,2022,00,Will Barton,will-barton,5,G,6-5,181,"JAN 06, 1991",31.0,10,Memphis,203115,Will,Traded from DEN on 07/06/22
3,1610612764,2022,00,Kristaps Porzingis,kristaps-porzingis,6,F-C,7-3,240,"AUG 02, 1995",27.0,6,Cajasol Sevilla,204001,Kristaps,Traded from DAL on 02/10/22
4,1610612764,2022,00,Jordan Goodwin,jordan-goodwin,7,G,6-3,200,"OCT 23, 1998",24.0,1,St. Louis,1630692,Jordan,Signed on 08/18/21
5,1610612764,2022,00,Rui Hachimura,rui-hachimura,8,F,6-8,230,"FEB 08, 1998",24.0,3,Gonzaga,1629060,Rui,#9 Pick in 2019 Draft
6,1610612764,2022,00,Deni Avdija,deni-avdija,9,F,6-9,210,"JAN 03, 2001",21.0,2,Maccabi Tel Aviv,1630166,Deni,#9 Pick in 2020 Draft
7,1610612764,2022,00,Vernon Carey Jr.,vernon-carey-jr,13,F-C,6-10,270,"FEB 25, 2001",21.0,2,Duke,1630176,Vernon,Traded from CHA on 02/10/22
8,1610612764,2022,00,Isaiah Todd,isaiah-todd,14,F,6-9,219,"OCT 17, 2001",21.0,1,NBA G League Ignite,1630225,Isaiah,Draft Rights Traded from IND on 08/06/21
9,1610612764,2022,00,Anthony Gill,anthony-gill,16,F,6-8,230,"OCT 17, 1992",30.0,2,Virginia,1630264,Anthony,Signed on 11/30/20
10,1610612764,2022,00,Jordan Schakel,jordan-schakel,20,G,6-6,200,"JUN 13, 1998",24.0,1,San Diego State,1630648,Jordan,Signed on 09/18/21
11,1610612764,2022,00,Daniel Gafford,daniel-gafford,21,F-C,6-10,234,"OCT 01, 1998",24.0,3,Arkansas,1629655,Daniel,Traded from CHI on 03/25/21
12,1610612764,2022,00,Monte Morris,monte-morris,22,G,6-2,183,"JUN 27, 1995",27.0,5,Iowa State,1628420,Monte,Traded from DEN on 07/06/22
13,1610612764,2022,00,Corey Kispert,corey-kispert,24,F,6-6,224,"MAR 03, 1999",23.0,1,Gonzaga,1630557,Corey,#15 Pick in 2021 Draft
14,1610612764,2022,00,Kyle Kuzma,kyle-kuzma,33,F,6-9,221,"JUL 24, 1995",27.0,5,Utah,1628398,Kyle,Traded from LAL on 08/06/21
15,1610612764,2022,00,Delon Wright,delon-wright,55,G,6-5,185,"APR 26, 1992",30.0,7,Utah,1626153,Delon,Signed on 07/06/22
16,1610612764,2022,00,Taj Gibson,taj-gibson,67,F,6-9,232,"JUN 24, 1985",37.0,13,Southern California,201959,Taj,Signed on 07/19/22
0,1610612765,2022,00,Jalen Duren,jalen-duren,0,C,6-11,250,"NOV 18, 2003",18.0,R,Memphis,1631105,Jalen,Draft Rights Traded from NYK on 07/06/22
1,1610612765,2022,00,Cade Cunningham,cade-cunningham,2,G,6-7,220,"SEP 25, 2001",21.0,1,Oklahoma State,1630595,Cade,#1 Pick in 2021 Draft
2,1610612765,2022,00,Nerlens Noel,nerlens-noel,3,C-F,6-10,220,"APR 10, 1994",28.0,8,Kentucky,203457,Nerlens,Traded from NYK on 07/11/22
3,1610612765,2022,00,Alec Burks,alec-burks,5,G,6-6,214,"JUL 20, 1991",31.0,11,Colorado,202692,Alec,Traded from NYK on 07/11/22
4,1610612765,2022,00,Hamidou Diallo,hamidou-diallo,6,G,6-5,202,"JUL 31, 1998",24.0,4,Kentucky,1628977,Hamidou,Traded from OKC on 03/13/21
5,1610612765,2022,00,Killian Hayes,killian-hayes,7,G,6-5,195,"JUL 27, 2001",21.0,2,Ratiopharm Ulm,1630165,Killian,#7 Pick in 2020 Draft
6,1610612765,2022,00,Braxton Key,braxton-key,8,F,6-8,225,"FEB 14, 1997",25.0,1,Virginia,1630296,Braxton,Signed on 03/24/22
7,1610612765,2022,00,Isaiah Livers,isaiah-livers,12,F,6-6,232,"JUL 28, 1998",24.0,1,Michigan,1630587,Isaiah,#42 Pick in 2021 Draft
8,1610612765,2022,00,Rodney McGruder,rodney-mcgruder,17,G,6-4,205,"JUL 29, 1991",31.0,6,Kansas State,203585,Rodney,Traded from LAC on 11/19/20
9,1610612765,2022,00,Cory Joseph,cory-joseph,18,G,6-3,200,"AUG 20, 1991",31.0,11,Texas,202709,Cory,Traded from SAC on 03/25/21
10,1610612765,2022,00,Kevin Knox II,kevin-knox-ii,20,F,6-7,215,"AUG 11, 1999",23.0,4,Kentucky,1628995,Kevin,Signed on 08/01/22
11,1610612765,2022,00,Jaden Ivey,jaden-ivey,23,G,6-4,195,"FEB 13, 2002",20.0,R,Purdue,1631093,Jaden,#5 Pick in 2022 Draft
12,1610612765,2022,00,Buddy Boeheim,buddy-boeheim,27,F,6-6,205,"NOV 11, 1999",23.0,R,Syracuse,1631205,Buddy,Signed on 07/02/22
13,1610612765,2022,00,Isaiah Stewart,isaiah-stewart,28,F-C,6-8,250,"MAY 22, 2001",21.0,2,Washington,1630191,Isaiah,Draft Rights Traded from HOU on 11/24/20
14,1610612765,2022,00,Marvin Bagley III,marvin-bagley-iii,35,F,6-10,235,"MAR 14, 1999",23.0,4,Duke,1628963,Marvin,Traded from SAC on 02/10/22
15,1610612765,2022,00,Saddiq Bey,saddiq-bey,41,F,6-7,215,"APR 09, 1999",23.0,2,Villanova,1630180,Saddiq,Draft Rights Traded from BKN on 11/19/20
16,1610612765,2022,00,Bojan Bogdanovic,bojan-bogdanovic,44,F,6-7,226,"APR 18, 1989",33.0,8,Fenerbahce,202711,Bojan,Traded from UTA on 09/22/22
0,1610612766,2022,00,LaMelo Ball,lamelo-ball,1,G,6-7,180,"AUG 22, 2001",21.0,2,Illawarra,1630163,LaMelo,#3 Pick in 2020 Draft
1,1610612766,2022,00,James Bouknight,james-bouknight,2,G,6-4,190,"SEP 18, 2000",22.0,1,Connecticut,1630547,James,#11 Pick in 2021 Draft
2,1610612766,2022,00,Terry Rozier,terry-rozier,3,G,6-1,190,"MAR 17, 1994",28.0,7,Louisville,1626179,Terry,Traded from BOS on 07/06/19
3,1610612766,2022,00,Nick Richards,nick-richards,4,C,7-0,245,"NOV 29, 1997",24.0,2,Kentucky,1630208,Nick,Draft Rights Traded from NOP on 11/19/20
4,1610612766,2022,00,Mark Williams,mark-williams,5,C,7-0,240,"DEC 16, 2001",20.0,R,Duke,1631109,Mark,#15 Pick in 2022 Draft
5,1610612766,2022,00,Jalen McDaniels,jalen-mcdaniels,6,F-C,6-9,205,"JAN 31, 1998",24.0,3,San Diego State,1629667,Jalen,#52 Pick in 2019 Draft
6,1610612766,2022,00,Bryce McGowens,bryce-mcgowens,7,G,6-6,175,"NOV 08, 2002",20.0,R,Nebraska,1631121,Bryce,Draft Rights Traded from MIN on 06/24/22
7,1610612766,2022,00,Dennis Smith Jr.,dennis-smith-jr,8,G,6-2,205,"NOV 25, 1997",24.0,5,North Carolina State,1628372,Dennis,Signed on 09/23/22
8,1610612766,2022,00,Theo Maledon,theo-maledon,9,G,6-5,175,"JUN 12, 2001",21.0,2,Asvel,1630177,Theo,Signed on 10/15/22
9,1610612766,2022,00,Cody Martin,cody-martin,11,F,6-6,205,"SEP 28, 1995",27.0,3,Nevada,1628998,Cody,#36 Pick in 2019 Draft
10,1610612766,2022,00,Kelly Oubre Jr.,kelly-oubre-jr,12,F-G,6-6,203,"DEC 09, 1995",26.0,7,Kansas,1626162,Kelly,Signed on 08/07/21
11,1610612766,2022,00,Gordon Hayward,gordon-hayward,20,F,6-7,225,"MAR 23, 1990",32.0,12,Butler,202330,Gordon,Traded from BOS on 11/29/20
12,1610612766,2022,00,JT Thor,jt-thor,21,F,6-9,203,"AUG 26, 2002",20.0,1,Auburn,1630550,JT,Draft Rights Traded from DET on 08/06/21
13,1610612766,2022,00,Kai Jones,kai-jones,23,C-F,6-11,221,"JAN 19, 2001",21.0,1,Texas,1630539,Kai,Draft Rights Traded from NYK on 07/30/21
14,1610612766,2022,00,Mason Plumlee,mason-plumlee,24,F-C,7-0,254,"MAR 05, 1990",32.0,9,Duke,203486,Mason,Traded from DET on 08/06/21
15,1610612766,2022,00,P.J. Washington,pj-washington,25,F,6-7,230,"AUG 23, 1998",24.0,3,Kentucky,1629023,P.J.,#12 Pick in 2019 Draft
